age,job,marital,education,balance,housing,duration,campaign,approval
30.0,unemployed,married,primary,1787,no,79.0,1,no
33.0,services,married,secondary,4789,yes,220.0,1,no
35.0,management,single,tertiary,1350,yes,185.0,1,no
30.0,management,married,tertiary,1476,yes,199.0,4,no
59.0,blue-collar,married,secondary,0,yes,226.0,1,no
35.0,management,single,tertiary,747,no,141.0,2,no
36.0,self-employed,married,tertiary,307,yes,341.0,1,no
39.0,technician,married,secondary,147,yes,151.0,2,no
41.0,entrepreneur,married,tertiary,221,yes,57.0,2,no
43.0,services,married,primary,-88,yes,313.0,1,no
39.0,services,married,secondary,9374,yes,273.0,1,no
43.0,admin.,married,secondary,264,yes,113.0,2,no
20.0,student,single,secondary,502,no,261.0,1,yes
31.0,blue-collar,married,secondary,360,yes,89.0,1,no
40.0,management,married,tertiary,194,no,189.0,2,no
56.0,technician,married,secondary,4073,no,239.0,5,no
37.0,admin.,single,tertiary,2317,yes,114.0,1,no
31.0,services,married,secondary,132,no,148.0,1,no
42.0,management,divorced,tertiary,16,no,140.0,3,no
44.0,services,single,secondary,106,no,109.0,2,no
44.0,entrepreneur,married,secondary,93,no,125.0,2,no
26.0,housemaid,married,tertiary,543,no,169.0,3,no
41.0,management,married,tertiary,5883,no,182.0,2,no
55.0,blue-collar,married,primary,627,yes,247.0,1,no
67.0,retired,married,unknown,696,no,119.0,1,no
56.0,self-employed,married,secondary,784,no,149.0,2,no
53.0,admin.,married,secondary,105,no,74.0,2,no
68.0,retired,divorced,secondary,4189,no,897.0,2,yes
31.0,technician,married,secondary,171,no,81.0,3,no
59.0,management,married,secondary,42,no,40.0,1,no
32.0,management,single,tertiary,2536,yes,958.0,6,yes
49.0,technician,married,tertiary,1235,no,354.0,3,yes
42.0,admin.,divorced,secondary,1811,yes,150.0,1,no
78.0,retired,divorced,primary,229,no,97.0,1,yes
32.0,blue-collar,married,secondary,2089,yes,132.0,1,yes
23.0,services,single,tertiary,363,yes,16.0,18,no
38.0,management,single,tertiary,11971,yes,609.0,2,no
36.0,management,single,tertiary,553,no,106.0,2,no
52.0,blue-collar,married,secondary,1117,yes,365.0,1,no
32.0,technician,married,tertiary,396,yes,205.0,3,no
32.0,technician,single,tertiary,2204,yes,11.0,4,no
34.0,management,single,tertiary,872,yes,105.0,2,no
55.0,blue-collar,married,primary,145,no,59.0,3,no
26.0,blue-collar,married,primary,0,yes,425.0,1,no
32.0,entrepreneur,single,primary,-849,yes,204.0,1,no
45.0,blue-collar,divorced,primary,844,no,1018.0,3,yes
37.0,technician,single,secondary,228,yes,1740.0,2,no
38.0,technician,single,secondary,50,no,98.0,2,no
34.0,technician,married,tertiary,1539,yes,441.0,1,yes
53.0,blue-collar,married,secondary,2231,yes,272.0,3,no
48.0,admin.,married,secondary,3064,yes,159.0,2,no
57.0,management,married,secondary,82,no,140.0,1,no
33.0,self-employed,single,tertiary,2155,no,295.0,1,no
36.0,retired,single,secondary,101,yes,314.0,1,no
41.0,blue-collar,married,primary,-516,no,554.0,3,no
63.0,retired,married,secondary,415,yes,323.0,1,no
48.0,management,married,tertiary,5887,no,227.0,2,no
48.0,services,married,secondary,1355,no,134.0,2,no
56.0,admin.,married,secondary,16873,no,223.0,1,no
51.0,blue-collar,divorced,secondary,203,yes,134.0,1,no
31.0,services,married,secondary,338,yes,155.0,1,no
29.0,technician,married,secondary,444,yes,130.0,4,no
41.0,management,married,secondary,0,no,630.0,3,no
32.0,technician,single,tertiary,360,no,164.0,2,no
37.0,management,married,tertiary,0,no,268.0,2,yes
42.0,entrepreneur,divorced,tertiary,2,yes,380.0,1,no
31.0,management,single,tertiary,6248,yes,154.0,2,no
41.0,services,married,tertiary,412,yes,154.0,5,no
56.0,retired,married,secondary,344,yes,221.0,1,no
54.0,management,divorced,tertiary,3222,no,67.0,2,no
41.0,blue-collar,divorced,secondary,174,yes,367.0,2,no
40.0,technician,single,secondary,591,no,87.0,6,no
50.0,blue-collar,divorced,primary,388,no,701.0,1,no
40.0,unemployed,married,secondary,219,yes,204.0,2,no
27.0,admin.,divorced,secondary,451,yes,652.0,1,yes
60.0,retired,married,primary,5,no,63.0,2,no
28.0,admin.,single,secondary,177,yes,150.0,1,no
52.0,services,married,secondary,657,no,398.0,2,yes
37.0,management,married,tertiary,1315,no,224.0,1,yes
51.0,blue-collar,married,primary,1466,yes,406.0,2,no
41.0,technician,single,secondary,879,no,60.0,4,no
35.0,blue-collar,single,primary,293,yes,521.0,2,no
38.0,admin.,married,secondary,424,yes,279.0,1,no
34.0,blue-collar,married,secondary,1831,yes,203.0,2,no
39.0,blue-collar,married,primary,111,no,201.0,2,no
27.0,services,single,secondary,-195,yes,391.0,1,yes
32.0,management,single,tertiary,3616,no,165.0,2,no
57.0,blue-collar,married,secondary,14093,no,231.0,5,no
41.0,unknown,single,tertiary,1567,no,291.0,2,no
41.0,admin.,married,tertiary,5426,yes,149.0,2,no
30.0,admin.,single,tertiary,261,no,233.0,1,no
36.0,blue-collar,divorced,secondary,2843,no,473.0,1,no
31.0,unemployed,single,primary,406,no,736.0,1,yes
36.0,blue-collar,married,secondary,0,yes,337.0,1,no
38.0,management,single,tertiary,493,yes,553.0,1,no
49.0,technician,married,secondary,5996,no,345.0,2,no
57.0,services,single,primary,3777,yes,65.0,2,no
34.0,management,single,secondary,524,no,9.0,1,no
32.0,management,single,tertiary,574,yes,259.0,2,no
37.0,blue-collar,married,secondary,427,yes,371.0,3,no
33.0,self-employed,married,tertiary,483,yes,280.0,2,no
56.0,unemployed,married,primary,3391,no,243.0,1,yes
27.0,housemaid,married,primary,0,yes,435.0,3,no
21.0,student,single,secondary,2488,no,258.0,6,yes
58.0,management,married,tertiary,1517,yes,7.0,5,no
32.0,self-employed,married,secondary,217,yes,317.0,5,no
33.0,blue-collar,single,secondary,22,no,76.0,2,no
25.0,student,single,secondary,331,no,170.0,4,yes
25.0,technician,single,secondary,505,no,386.0,2,yes
30.0,services,married,secondary,1808,yes,83.0,2,no
22.0,admin.,single,secondary,4111,no,65.0,1,no
39.0,blue-collar,married,primary,52,no,69.0,1,no
46.0,management,divorced,tertiary,25,no,564.0,2,no
31.0,admin.,divorced,secondary,1890,yes,588.0,1,no
45.0,blue-collar,married,primary,419,no,113.0,4,no
32.0,technician,married,secondary,2693,yes,16.0,1,no
36.0,blue-collar,married,secondary,-231,no,779.0,2,no
51.0,management,single,tertiary,-55,yes,281.0,2,no
34.0,self-employed,single,tertiary,462,no,1877.0,3,yes
24.0,unemployed,single,secondary,119,no,51.0,1,no
45.0,technician,single,secondary,586,no,32.0,3,no
32.0,blue-collar,single,secondary,228,no,176.0,1,no
77.0,retired,divorced,tertiary,4659,no,161.0,1,yes
41.0,blue-collar,married,primary,168,yes,187.0,3,no
37.0,blue-collar,married,primary,0,yes,24.0,1,no
43.0,blue-collar,married,unknown,-715,yes,67.0,3,no
48.0,admin.,married,unknown,0,yes,85.0,1,no
27.0,technician,single,secondary,769,yes,317.0,2,no
29.0,admin.,single,secondary,428,yes,54.0,1,no
34.0,management,single,tertiary,0,no,71.0,1,no
52.0,management,married,tertiary,-970,yes,489.0,1,yes
60.0,management,married,unknown,6313,no,39.0,2,no
32.0,management,divorced,tertiary,948,no,204.0,2,no
32.0,management,single,tertiary,0,yes,455.0,2,no
56.0,services,divorced,unknown,1877,yes,86.0,1,no
31.0,management,single,tertiary,874,yes,190.0,2,no
42.0,admin.,married,secondary,323,yes,280.0,2,no
35.0,management,married,tertiary,106,no,588.0,2,no
56.0,retired,married,primary,1906,no,45.0,9,no
48.0,technician,married,secondary,1152,yes,168.0,5,no
46.0,admin.,married,secondary,179,yes,194.0,4,no
37.0,technician,single,unknown,391,yes,103.0,3,no
41.0,entrepreneur,married,unknown,89,yes,333.0,2,no
36.0,management,single,tertiary,442,yes,102.0,3,no
45.0,unemployed,divorced,primary,-249,yes,92.0,1,no
55.0,entrepreneur,married,secondary,8104,no,213.0,2,no
39.0,technician,married,secondary,501,no,289.0,1,no
35.0,technician,divorced,secondary,308,no,77.0,2,no
55.0,admin.,married,secondary,602,no,324.0,3,yes
55.0,technician,married,secondary,273,yes,84.0,3,no
27.0,self-employed,single,secondary,50,no,168.0,1,no
34.0,technician,married,secondary,1641,yes,380.0,1,no
34.0,blue-collar,married,tertiary,20,no,10.0,1,no
25.0,admin.,single,secondary,4590,yes,199.0,2,no
43.0,services,married,secondary,978,yes,82.0,2,no
28.0,management,single,tertiary,80,no,676.0,2,yes
31.0,admin.,single,secondary,2104,yes,455.0,1,no
78.0,housemaid,married,secondary,499,no,80.0,4,no
45.0,blue-collar,divorced,secondary,1269,yes,549.0,2,no
48.0,technician,married,tertiary,310,no,135.0,1,no
32.0,blue-collar,single,secondary,1143,yes,412.0,1,no
42.0,technician,married,secondary,2980,no,101.0,3,no
37.0,management,single,tertiary,37,no,253.0,2,no
40.0,admin.,single,secondary,462,yes,272.0,1,no
32.0,admin.,married,secondary,1031,yes,84.0,1,no
42.0,management,married,tertiary,9009,no,135.0,2,no
43.0,admin.,married,secondary,-465,yes,166.0,1,no
44.0,admin.,married,secondary,5181,yes,18.0,7,no
37.0,admin.,married,secondary,176,yes,147.0,2,no
37.0,unknown,married,unknown,1699,no,63.0,1,no
37.0,admin.,married,tertiary,0,yes,65.0,2,no
28.0,technician,single,tertiary,172,yes,194.0,2,no
32.0,services,single,secondary,0,no,333.0,2,no
34.0,admin.,single,secondary,6979,yes,14.0,5,no
40.0,admin.,divorced,secondary,6,no,140.0,1,no
34.0,services,married,secondary,-62,yes,109.0,3,no
34.0,self-employed,married,tertiary,1972,yes,61.0,2,no
34.0,admin.,married,tertiary,899,yes,377.0,3,no
37.0,services,single,secondary,21,yes,96.0,1,no
36.0,technician,married,secondary,23,yes,152.0,2,no
56.0,retired,married,secondary,-1206,yes,382.0,2,yes
49.0,blue-collar,married,primary,0,yes,97.0,6,no
33.0,self-employed,married,secondary,215,yes,543.0,12,no
30.0,management,single,tertiary,1372,no,240.0,2,no
36.0,services,married,secondary,1981,no,48.0,2,no
23.0,student,single,secondary,9216,no,471.0,2,no
57.0,retired,divorced,secondary,39,yes,354.0,3,no
27.0,blue-collar,single,secondary,5563,yes,435.0,2,no
38.0,services,married,secondary,1,no,152.0,2,no
42.0,technician,married,tertiary,782,no,285.0,1,no
75.0,retired,married,secondary,3771,no,185.0,1,yes
34.0,technician,single,tertiary,992,yes,301.0,1,no
48.0,technician,married,secondary,1526,no,273.0,2,no
35.0,technician,single,tertiary,2658,yes,768.0,2,yes
39.0,management,divorced,tertiary,1315,yes,1337.0,4,no
29.0,blue-collar,single,tertiary,455,no,403.0,1,yes
45.0,technician,single,tertiary,0,yes,139.0,2,no
42.0,technician,married,secondary,2030,yes,196.0,1,no
29.0,technician,married,secondary,1599,yes,115.0,1,no
38.0,services,single,secondary,-196,yes,60.0,1,no
56.0,retired,married,secondary,1333,no,17.0,14,no
36.0,technician,single,secondary,9149,yes,141.0,3,no
25.0,blue-collar,single,secondary,-350,yes,95.0,3,no
38.0,technician,married,tertiary,432,yes,10.0,2,no
57.0,self-employed,married,secondary,11494,no,198.0,1,no
31.0,management,married,tertiary,-253,no,220.0,4,no
42.0,management,married,tertiary,372,yes,654.0,2,yes
45.0,technician,married,secondary,1410,no,71.0,2,no
30.0,blue-collar,married,secondary,975,yes,256.0,2,no
49.0,blue-collar,married,primary,305,yes,834.0,10,no
49.0,services,married,secondary,400,no,151.0,3,no
53.0,retired,married,tertiary,-22,yes,20.0,3,no
37.0,technician,married,secondary,4030,yes,178.0,5,no
49.0,blue-collar,married,primary,365,no,59.0,2,no
41.0,self-employed,married,primary,204,no,111.0,7,no
54.0,management,married,primary,1691,yes,186.0,1,no
32.0,services,single,secondary,406,yes,227.0,1,no
33.0,technician,married,secondary,-204,no,297.0,3,no
33.0,technician,married,secondary,359,yes,210.0,1,no
36.0,blue-collar,married,primary,123,yes,9.0,1,no
35.0,technician,married,tertiary,0,yes,112.0,1,no
52.0,unknown,married,secondary,142,no,112.0,6,no
40.0,entrepreneur,married,tertiary,3571,no,222.0,3,no
44.0,technician,single,secondary,33,yes,195.0,3,no
45.0,blue-collar,single,secondary,0,yes,768.0,2,no
30.0,student,single,secondary,3096,no,123.0,1,no
48.0,technician,divorced,secondary,20,no,145.0,3,no
33.0,blue-collar,married,secondary,3576,yes,124.0,1,no
57.0,technician,married,unknown,206,yes,216.0,3,no
57.0,housemaid,married,primary,7082,no,69.0,3,no
51.0,unemployed,married,tertiary,1634,yes,168.0,4,no
34.0,admin.,single,secondary,1,yes,483.0,7,no
50.0,self-employed,married,tertiary,4012,no,690.0,3,no
44.0,management,married,tertiary,3762,no,125.0,12,no
27.0,admin.,married,secondary,-247,yes,344.0,2,no
50.0,blue-collar,married,secondary,606,yes,673.0,2,no
36.0,management,married,tertiary,0,yes,60.0,1,no
42.0,management,married,secondary,-189,yes,247.0,2,no
32.0,unemployed,single,secondary,0,no,123.0,2,no
42.0,management,married,tertiary,484,yes,144.0,2,no
43.0,technician,married,secondary,0,no,9.0,2,no
31.0,management,married,tertiary,395,yes,155.0,3,no
32.0,management,married,tertiary,2349,no,134.0,5,no
55.0,blue-collar,divorced,primary,410,no,221.0,2,no
58.0,retired,married,primary,3401,yes,84.0,3,no
46.0,blue-collar,married,primary,222,no,71.0,2,no
55.0,blue-collar,married,secondary,989,yes,246.0,4,no
34.0,management,married,tertiary,415,no,361.0,2,no
28.0,unemployed,single,secondary,16,no,119.0,4,no
42.0,technician,divorced,tertiary,7190,yes,375.0,2,no
29.0,blue-collar,single,secondary,482,no,1097.0,3,yes
54.0,housemaid,married,secondary,209,yes,97.0,1,no
32.0,technician,single,secondary,0,no,181.0,2,no
39.0,technician,single,tertiary,5803,no,83.0,3,no
53.0,entrepreneur,married,tertiary,624,no,180.0,4,no
58.0,technician,married,tertiary,883,no,543.0,1,no
40.0,self-employed,married,secondary,1516,yes,373.0,1,no
29.0,student,single,secondary,872,yes,230.0,1,no
33.0,technician,married,tertiary,-988,yes,83.0,3,no
38.0,admin.,single,secondary,902,yes,58.0,13,no
56.0,services,divorced,secondary,1007,no,88.0,6,no
40.0,services,married,secondary,0,yes,297.0,1,no
24.0,blue-collar,single,secondary,174,yes,487.0,1,yes
46.0,management,married,secondary,12186,no,29.0,3,no
35.0,self-employed,married,secondary,524,yes,484.0,4,no
35.0,blue-collar,single,tertiary,0,yes,262.0,4,no
34.0,technician,married,secondary,4,yes,644.0,1,no
35.0,housemaid,married,tertiary,11219,no,699.0,2,no
38.0,technician,single,tertiary,0,no,247.0,2,no
50.0,blue-collar,married,primary,5776,no,49.0,3,no
51.0,blue-collar,divorced,primary,37,yes,341.0,1,no
59.0,self-employed,married,tertiary,593,no,64.0,2,no
32.0,blue-collar,married,secondary,1148,yes,121.0,1,no
37.0,blue-collar,single,secondary,3561,yes,98.0,1,no
42.0,admin.,divorced,secondary,63,no,88.0,6,no
40.0,student,married,secondary,260,no,197.0,6,no
28.0,technician,single,tertiary,2269,yes,331.0,1,no
47.0,admin.,married,secondary,1060,yes,83.0,3,no
27.0,self-employed,married,secondary,-220,yes,138.0,2,no
41.0,management,married,tertiary,49,yes,312.0,5,no
34.0,admin.,married,tertiary,69,no,120.0,3,yes
50.0,blue-collar,married,primary,4108,yes,526.0,2,yes
47.0,blue-collar,married,secondary,480,yes,211.0,2,no
53.0,services,married,secondary,4994,no,62.0,6,no
53.0,technician,divorced,secondary,0,yes,135.0,5,no
47.0,management,married,tertiary,3681,no,101.0,2,no
49.0,entrepreneur,divorced,unknown,-701,yes,988.0,2,yes
29.0,management,married,tertiary,451,no,451.0,1,no
45.0,blue-collar,divorced,primary,-311,yes,1030.0,1,yes
38.0,entrepreneur,married,secondary,593,yes,1484.0,24,yes
32.0,blue-collar,married,secondary,759,yes,317.0,5,yes
70.0,retired,divorced,primary,4531,no,445.0,1,no
65.0,retired,divorced,primary,1840,no,383.0,2,no
56.0,blue-collar,married,secondary,345,yes,605.0,1,no
35.0,blue-collar,married,secondary,1287,yes,330.0,2,no
56.0,management,married,unknown,353,no,171.0,2,no
56.0,technician,married,secondary,205,no,442.0,2,no
49.0,entrepreneur,married,secondary,687,yes,772.0,1,yes
38.0,unemployed,married,primary,1147,yes,249.0,5,no
35.0,management,married,tertiary,4286,yes,357.0,1,no
38.0,admin.,married,tertiary,605,no,147.0,2,no
49.0,blue-collar,married,secondary,8545,yes,199.0,7,no
55.0,management,married,unknown,559,no,271.0,2,no
43.0,blue-collar,single,primary,2,yes,783.0,3,no
43.0,management,married,tertiary,2,no,472.0,2,no
25.0,admin.,single,tertiary,760,yes,223.0,3,yes
30.0,blue-collar,married,primary,1317,yes,395.0,2,no
46.0,blue-collar,married,secondary,182,no,56.0,1,no
50.0,admin.,married,primary,276,no,641.0,6,no
35.0,entrepreneur,married,secondary,2971,no,429.0,4,yes
26.0,unemployed,single,secondary,1064,no,113.0,1,no
45.0,admin.,married,unknown,1783,no,11.0,11,no
37.0,blue-collar,married,secondary,-67,no,157.0,1,no
60.0,self-employed,single,tertiary,179,no,79.0,4,no
38.0,management,married,tertiary,1199,no,178.0,1,yes
47.0,blue-collar,married,primary,214,yes,168.0,1,no
33.0,technician,married,secondary,6699,no,425.0,1,no
51.0,unemployed,married,secondary,1760,no,162.0,1,no
35.0,unemployed,married,secondary,978,no,1370.0,3,yes
48.0,admin.,single,secondary,1150,yes,357.0,1,no
37.0,admin.,married,secondary,121,no,22.0,6,no
29.0,technician,single,tertiary,828,yes,215.0,3,no
34.0,admin.,married,secondary,244,yes,56.0,4,no
32.0,services,married,primary,228,yes,1017.0,6,yes
30.0,management,single,tertiary,424,no,298.0,4,yes
47.0,management,divorced,tertiary,447,no,126.0,1,no
33.0,blue-collar,married,primary,-195,no,9.0,1,no
33.0,management,single,tertiary,1410,yes,8.0,1,no
63.0,retired,married,primary,1084,no,201.0,1,no
51.0,self-employed,divorced,primary,10924,no,106.0,2,no
41.0,management,married,tertiary,832,yes,164.0,1,no
56.0,retired,married,tertiary,478,no,97.0,1,no
60.0,management,single,tertiary,0,no,151.0,1,no
41.0,self-employed,single,tertiary,3950,yes,96.0,2,no
37.0,management,single,unknown,504,yes,555.0,1,no
36.0,blue-collar,single,secondary,219,yes,270.0,2,no
57.0,management,married,tertiary,1602,no,339.0,3,no
55.0,management,married,primary,2587,no,328.0,2,yes
44.0,admin.,married,secondary,0,yes,159.0,1,no
47.0,self-employed,married,tertiary,2303,yes,323.0,2,no
31.0,blue-collar,married,secondary,1660,yes,342.0,1,no
35.0,management,married,tertiary,32,yes,180.0,1,no
39.0,management,married,tertiary,278,no,60.0,3,no
50.0,management,married,tertiary,4,no,223.0,1,no
29.0,management,married,tertiary,318,yes,1434.0,2,no
30.0,services,single,secondary,209,yes,30.0,2,no
46.0,services,married,secondary,271,yes,134.0,4,no
27.0,management,single,unknown,3196,no,10.0,2,no
48.0,admin.,divorced,secondary,4099,no,397.0,2,yes
26.0,student,single,secondary,2572,yes,620.0,1,no
36.0,management,single,tertiary,339,no,6.0,6,no
42.0,blue-collar,married,primary,0,yes,209.0,2,no
50.0,housemaid,married,primary,395,yes,419.0,2,no
49.0,blue-collar,married,secondary,2039,yes,283.0,2,no
45.0,management,married,tertiary,5450,no,188.0,2,no
23.0,student,single,secondary,780,no,267.0,1,no
38.0,technician,single,secondary,0,yes,196.0,2,no
32.0,management,single,tertiary,8436,yes,245.0,1,no
60.0,technician,single,primary,11262,no,323.0,1,yes
30.0,entrepreneur,married,secondary,946,yes,1065.0,1,no
58.0,housemaid,married,tertiary,497,no,138.0,5,no
60.0,retired,married,primary,55,no,207.0,1,no
38.0,services,married,secondary,-140,no,456.0,3,no
51.0,technician,married,secondary,-379,yes,261.0,1,no
42.0,admin.,married,secondary,-396,yes,80.0,1,no
30.0,services,single,secondary,0,yes,131.0,6,no
40.0,management,married,primary,733,yes,94.0,7,no
37.0,management,married,tertiary,393,yes,567.0,3,yes
53.0,technician,divorced,primary,7290,yes,153.0,1,no
27.0,services,single,secondary,468,yes,109.0,1,no
39.0,blue-collar,married,secondary,0,yes,53.0,1,no
39.0,blue-collar,married,primary,3705,yes,77.0,1,no
59.0,retired,married,tertiary,9676,no,234.0,2,yes
37.0,services,married,secondary,1328,yes,121.0,2,no
41.0,blue-collar,married,primary,8,yes,155.0,2,no
45.0,blue-collar,married,primary,61,no,108.0,1,no
48.0,management,married,tertiary,6613,no,159.0,3,no
48.0,technician,married,secondary,302,yes,208.0,3,no
32.0,blue-collar,married,secondary,1005,no,215.0,1,no
35.0,services,married,secondary,109,yes,597.0,3,no
33.0,management,single,tertiary,1240,yes,505.0,2,no
28.0,blue-collar,single,primary,0,yes,380.0,4,no
64.0,retired,married,unknown,2923,no,120.0,1,no
35.0,technician,married,secondary,0,no,106.0,4,no
33.0,blue-collar,married,secondary,43,yes,332.0,2,no
41.0,technician,married,secondary,288,yes,221.0,4,no
34.0,admin.,married,secondary,613,yes,80.0,1,no
37.0,technician,single,tertiary,6101,no,60.0,5,no
38.0,blue-collar,married,primary,168,yes,212.0,3,no
39.0,blue-collar,married,primary,7685,yes,493.0,3,no
35.0,technician,divorced,tertiary,4515,yes,98.0,2,no
28.0,blue-collar,single,secondary,517,no,681.0,1,yes
27.0,blue-collar,single,secondary,148,no,203.0,1,no
48.0,retired,married,primary,-285,no,157.0,1,no
50.0,blue-collar,married,secondary,887,no,287.0,1,no
45.0,self-employed,married,secondary,3098,yes,159.0,2,no
41.0,technician,married,tertiary,744,yes,125.0,1,no
39.0,technician,married,secondary,130,no,202.0,2,no
44.0,management,married,secondary,438,yes,37.0,3,no
54.0,admin.,married,secondary,0,no,161.0,1,yes
49.0,management,married,tertiary,322,no,72.0,4,no
34.0,blue-collar,single,secondary,186,no,342.0,1,no
75.0,retired,divorced,tertiary,3810,yes,262.0,1,yes
42.0,management,married,tertiary,0,no,325.0,2,no
53.0,blue-collar,married,secondary,4380,no,223.0,7,no
49.0,management,divorced,tertiary,755,no,1212.0,4,yes
31.0,services,single,secondary,2070,no,319.0,2,no
45.0,blue-collar,single,primary,999,no,182.0,2,no
39.0,self-employed,married,secondary,167,yes,330.0,1,no
46.0,technician,married,secondary,1322,yes,514.0,1,no
42.0,admin.,divorced,secondary,1076,yes,213.0,1,no
37.0,management,married,tertiary,502,yes,551.0,1,no
26.0,technician,single,tertiary,1216,yes,472.0,2,no
37.0,management,single,tertiary,876,yes,140.0,4,no
36.0,services,single,secondary,342,yes,142.0,1,no
29.0,blue-collar,single,primary,950,yes,135.0,3,no
36.0,blue-collar,married,primary,973,yes,293.0,1,no
26.0,technician,married,tertiary,3825,yes,107.0,1,no
32.0,blue-collar,married,secondary,2366,yes,127.0,2,no
40.0,management,married,tertiary,542,yes,1816.0,1,no
53.0,management,married,primary,995,no,200.0,3,no
29.0,management,married,tertiary,20,yes,418.0,1,no
34.0,technician,single,tertiary,228,yes,387.0,4,no
43.0,blue-collar,married,secondary,130,no,156.0,1,no
56.0,management,married,tertiary,217,no,121.0,2,no
55.0,entrepreneur,divorced,tertiary,0,no,108.0,2,no
31.0,self-employed,married,tertiary,259,yes,47.0,1,no
27.0,admin.,single,secondary,619,yes,16.0,5,no
36.0,management,married,secondary,644,yes,54.0,2,no
44.0,management,married,tertiary,22,yes,265.0,2,no
37.0,admin.,divorced,tertiary,4303,yes,168.0,1,no
30.0,admin.,single,secondary,239,yes,115.0,3,no
42.0,technician,single,secondary,275,no,31.0,8,no
30.0,management,married,tertiary,1221,yes,279.0,4,yes
62.0,retired,married,secondary,816,no,28.0,2,no
24.0,blue-collar,married,secondary,1222,yes,369.0,1,no
31.0,technician,married,secondary,2363,yes,247.0,1,no
66.0,retired,married,tertiary,2262,no,155.0,1,no
47.0,admin.,married,secondary,2,no,89.0,1,no
39.0,entrepreneur,married,tertiary,2,yes,180.0,1,no
35.0,technician,married,secondary,4508,yes,854.0,1,yes
35.0,admin.,divorced,secondary,-402,yes,46.0,1,no
27.0,technician,married,secondary,1577,yes,266.0,2,no
32.0,blue-collar,married,secondary,34,yes,321.0,2,no
44.0,management,married,tertiary,795,no,99.0,24,no
42.0,blue-collar,married,secondary,117,yes,147.0,1,no
25.0,services,single,secondary,402,no,264.0,1,no
40.0,technician,single,secondary,641,no,156.0,6,no
43.0,management,divorced,tertiary,36,no,118.0,1,no
55.0,unemployed,married,tertiary,383,no,343.0,3,no
50.0,blue-collar,married,secondary,283,yes,226.0,3,no
45.0,management,divorced,tertiary,0,no,5.0,1,no
35.0,blue-collar,divorced,secondary,3102,yes,138.0,1,no
32.0,blue-collar,married,secondary,889,yes,185.0,1,yes
59.0,housemaid,married,secondary,0,no,722.0,1,no
34.0,self-employed,married,secondary,-370,yes,748.0,1,no
39.0,management,married,tertiary,-606,yes,142.0,1,no
40.0,management,single,secondary,10378,yes,523.0,3,no
36.0,blue-collar,single,primary,1313,yes,8.0,10,no
40.0,management,married,tertiary,8969,yes,153.0,1,no
55.0,self-employed,married,secondary,-196,yes,210.0,2,no
38.0,entrepreneur,married,secondary,15,yes,121.0,1,no
61.0,admin.,married,secondary,4608,no,212.0,1,yes
41.0,management,married,tertiary,666,yes,253.0,3,no
57.0,blue-collar,married,primary,452,yes,139.0,4,no
48.0,blue-collar,married,secondary,149,yes,71.0,1,no
77.0,retired,married,tertiary,7802,no,421.0,1,yes
35.0,services,married,secondary,1453,yes,199.0,1,no
54.0,blue-collar,married,secondary,1480,yes,108.0,1,no
37.0,management,single,unknown,715,yes,247.0,2,no
56.0,management,single,secondary,237,yes,236.0,4,no
40.0,technician,married,secondary,694,yes,97.0,4,no
40.0,management,married,tertiary,0,no,109.0,8,no
54.0,management,married,tertiary,55,yes,112.0,2,no
55.0,housemaid,married,primary,136,yes,15.0,10,no
55.0,services,divorced,secondary,-404,yes,502.0,3,no
52.0,blue-collar,married,primary,779,yes,30.0,3,no
55.0,blue-collar,single,primary,1187,yes,193.0,2,no
33.0,management,married,tertiary,641,yes,347.0,2,no
52.0,blue-collar,married,unknown,826,yes,468.0,2,no
33.0,services,divorced,secondary,991,yes,148.0,1,no
53.0,admin.,married,secondary,1796,no,295.0,1,yes
46.0,admin.,married,secondary,22,no,388.0,6,yes
44.0,technician,single,secondary,244,yes,1735.0,4,yes
48.0,management,divorced,tertiary,1328,yes,339.0,1,no
50.0,housemaid,married,secondary,7317,yes,172.0,1,no
34.0,technician,single,secondary,4943,yes,117.0,2,no
38.0,technician,single,secondary,258,no,587.0,2,no
42.0,management,single,tertiary,515,yes,501.0,2,no
32.0,management,single,tertiary,12607,no,203.0,5,no
58.0,admin.,married,secondary,2,yes,282.0,9,no
31.0,management,married,tertiary,13,no,110.0,5,no
19.0,student,single,primary,103,no,104.0,2,yes
41.0,management,married,tertiary,3872,no,231.0,1,no
31.0,unemployed,married,secondary,296,yes,378.0,3,no
52.0,self-employed,single,primary,217,no,193.0,6,no
42.0,self-employed,divorced,tertiary,360,yes,110.0,5,no
41.0,blue-collar,single,secondary,428,yes,92.0,1,no
30.0,blue-collar,single,secondary,315,no,1407.0,1,yes
38.0,blue-collar,married,secondary,121,yes,168.0,1,no
32.0,management,married,tertiary,820,yes,738.0,3,no
52.0,technician,married,secondary,195,yes,220.0,1,yes
48.0,management,divorced,tertiary,108,yes,89.0,2,no
36.0,management,married,tertiary,-381,yes,30.0,29,no
45.0,unemployed,divorced,primary,757,no,103.0,1,no
34.0,technician,married,tertiary,691,yes,70.0,1,no
36.0,blue-collar,married,primary,1925,yes,904.0,2,yes
34.0,management,married,tertiary,902,yes,159.0,1,no
61.0,retired,married,secondary,5207,no,336.0,1,no
54.0,services,married,secondary,0,no,220.0,1,no
50.0,entrepreneur,married,secondary,665,no,238.0,1,no
43.0,admin.,divorced,secondary,738,yes,585.0,4,no
47.0,blue-collar,married,primary,233,no,293.0,3,no
45.0,services,married,secondary,-839,yes,68.0,1,no
57.0,retired,married,primary,5799,no,97.0,1,no
27.0,admin.,married,secondary,1033,yes,1713.0,1,no
49.0,unemployed,divorced,secondary,66,no,218.0,3,no
43.0,services,married,primary,2567,yes,109.0,1,no
40.0,management,married,tertiary,1584,yes,661.0,1,no
32.0,services,single,secondary,182,yes,145.0,1,no
58.0,management,married,primary,76,yes,54.0,4,no
34.0,admin.,single,secondary,663,yes,111.0,1,no
46.0,technician,divorced,secondary,3455,yes,566.0,2,no
29.0,blue-collar,married,secondary,15,no,136.0,1,no
52.0,blue-collar,married,primary,1054,no,273.0,1,no
45.0,management,married,tertiary,1529,no,160.0,1,no
26.0,management,single,secondary,63,no,76.0,4,no
40.0,technician,married,tertiary,0,no,44.0,1,no
41.0,admin.,married,secondary,920,yes,239.0,1,no
47.0,admin.,single,secondary,3696,no,250.0,2,yes
27.0,technician,single,unknown,59,no,792.0,4,no
27.0,services,married,secondary,0,yes,198.0,13,no
48.0,blue-collar,married,secondary,157,yes,73.0,1,no
49.0,admin.,married,secondary,2465,no,157.0,3,no
35.0,blue-collar,married,primary,0,yes,90.0,6,no
47.0,self-employed,married,secondary,2,no,236.0,2,no
54.0,management,married,tertiary,0,no,118.0,5,no
39.0,management,single,tertiary,12437,no,40.0,1,no
28.0,student,single,secondary,378,yes,346.0,1,no
54.0,blue-collar,married,primary,211,no,200.0,2,no
34.0,technician,married,secondary,-228,yes,187.0,3,no
63.0,retired,married,secondary,2747,no,113.0,1,no
42.0,self-employed,married,tertiary,1932,yes,192.0,32,no
43.0,technician,single,secondary,11269,no,92.0,1,no
37.0,admin.,married,secondary,1314,yes,682.0,2,no
55.0,blue-collar,married,primary,2275,no,139.0,9,no
43.0,management,single,tertiary,1304,no,501.0,2,yes
41.0,blue-collar,married,secondary,720,no,651.0,1,yes
47.0,technician,divorced,secondary,2914,yes,405.0,13,no
34.0,technician,married,secondary,1464,yes,350.0,1,no
28.0,student,single,secondary,11555,no,125.0,2,no
36.0,services,married,secondary,-302,yes,36.0,2,no
50.0,technician,married,secondary,2497,yes,35.0,1,no
35.0,blue-collar,married,secondary,-339,yes,389.0,2,no
40.0,technician,married,secondary,56,yes,194.0,1,no
26.0,self-employed,single,tertiary,211,no,168.0,3,no
36.0,management,divorced,tertiary,3611,yes,347.0,3,no
59.0,unemployed,married,primary,0,no,3025.0,2,no
28.0,student,single,secondary,459,no,83.0,13,no
46.0,entrepreneur,married,unknown,242,yes,332.0,2,no
50.0,self-employed,married,secondary,1138,no,219.0,10,no
53.0,management,married,tertiary,1319,yes,427.0,1,no
81.0,retired,married,secondary,1,no,65.0,5,no
35.0,services,divorced,secondary,67,yes,192.0,2,no
58.0,retired,married,unknown,937,no,155.0,1,no
44.0,services,married,secondary,0,yes,161.0,1,no
38.0,management,married,tertiary,-558,yes,533.0,1,no
49.0,blue-collar,married,secondary,171,no,19.0,3,no
33.0,technician,single,tertiary,696,no,193.0,1,no
29.0,management,married,tertiary,361,yes,819.0,3,no
28.0,technician,single,secondary,227,no,278.0,1,yes
31.0,admin.,married,secondary,236,yes,211.0,3,no
33.0,management,single,tertiary,-53,no,617.0,2,no
52.0,technician,married,secondary,192,yes,61.0,2,no
43.0,management,divorced,tertiary,38,yes,197.0,6,no
32.0,self-employed,single,secondary,518,yes,34.0,7,no
36.0,self-employed,married,tertiary,16,yes,95.0,4,no
41.0,blue-collar,married,secondary,-256,yes,147.0,2,no
43.0,blue-collar,married,secondary,105,no,668.0,2,no
45.0,self-employed,married,tertiary,334,no,87.0,2,no
39.0,technician,married,secondary,1048,no,405.0,1,no
41.0,services,married,secondary,108,yes,83.0,7,no
31.0,technician,married,secondary,660,no,115.0,1,no
37.0,unemployed,single,tertiary,0,yes,108.0,1,no
28.0,entrepreneur,married,unknown,1034,no,113.0,1,no
47.0,housemaid,married,primary,201,yes,58.0,2,no
37.0,housemaid,married,primary,189,no,148.0,4,no
60.0,retired,divorced,unknown,-49,yes,188.0,1,no
43.0,technician,divorced,secondary,1413,yes,75.0,3,no
58.0,retired,divorced,tertiary,264,yes,523.0,3,no
52.0,entrepreneur,married,tertiary,54,yes,103.0,1,no
50.0,blue-collar,married,primary,12519,yes,146.0,2,no
32.0,services,single,secondary,2881,no,356.0,1,yes
42.0,blue-collar,married,primary,0,yes,71.0,1,no
31.0,admin.,married,secondary,88,yes,189.0,2,no
28.0,blue-collar,married,secondary,1020,yes,251.0,1,no
36.0,technician,divorced,tertiary,119,no,127.0,8,no
51.0,unemployed,single,tertiary,1594,no,197.0,1,no
46.0,technician,married,tertiary,342,yes,84.0,1,no
50.0,services,single,secondary,72,no,141.0,2,no
32.0,blue-collar,married,secondary,14,yes,171.0,1,no
26.0,entrepreneur,single,tertiary,81,no,262.0,3,no
41.0,self-employed,married,tertiary,231,no,352.0,2,yes
39.0,technician,married,tertiary,1161,yes,236.0,1,no
31.0,blue-collar,married,secondary,-45,yes,184.0,1,no
28.0,management,single,tertiary,231,yes,568.0,2,no
31.0,management,single,secondary,36,no,105.0,2,no
30.0,technician,married,tertiary,1570,yes,260.0,1,no
35.0,technician,married,tertiary,7050,no,222.0,3,yes
33.0,blue-collar,married,primary,3704,yes,447.0,2,no
30.0,technician,single,tertiary,6619,yes,239.0,8,no
32.0,blue-collar,single,secondary,-84,yes,426.0,1,no
40.0,management,single,tertiary,1509,no,333.0,1,no
31.0,self-employed,married,tertiary,1134,no,174.0,2,no
36.0,technician,married,secondary,146,yes,284.0,2,no
33.0,management,single,tertiary,9449,yes,428.0,1,no
57.0,retired,married,secondary,374,yes,236.0,1,no
45.0,technician,married,secondary,88,no,150.0,2,no
59.0,management,married,tertiary,2764,no,237.0,1,no
30.0,management,single,tertiary,2,yes,1031.0,8,yes
33.0,technician,married,tertiary,8023,no,107.0,1,no
52.0,blue-collar,married,secondary,289,yes,45.0,13,no
83.0,retired,married,secondary,0,no,140.0,10,no
58.0,self-employed,divorced,tertiary,1382,no,700.0,1,yes
33.0,management,divorced,tertiary,280,no,155.0,1,no
41.0,blue-collar,divorced,primary,2195,yes,211.0,5,no
31.0,self-employed,married,secondary,33,no,165.0,4,no
35.0,blue-collar,divorced,secondary,275,no,144.0,5,no
27.0,management,single,tertiary,703,yes,590.0,3,yes
57.0,admin.,divorced,unknown,887,no,43.0,8,no
56.0,unknown,married,unknown,0,no,471.0,2,no
53.0,admin.,single,secondary,1178,yes,295.0,2,no
39.0,management,married,tertiary,2763,yes,526.0,2,yes
32.0,entrepreneur,single,tertiary,890,yes,27.0,10,no
46.0,self-employed,married,secondary,548,no,1181.0,4,yes
56.0,technician,married,tertiary,272,no,103.0,2,no
46.0,management,divorced,tertiary,6269,yes,249.0,3,no
29.0,entrepreneur,married,secondary,178,yes,231.0,4,no
60.0,management,married,primary,252,yes,123.0,2,no
33.0,housemaid,single,tertiary,23663,yes,199.0,2,no
27.0,entrepreneur,single,tertiary,81,no,197.0,1,no
50.0,self-employed,divorced,tertiary,59,yes,67.0,2,no
45.0,services,married,secondary,1343,no,220.0,1,no
58.0,retired,married,secondary,225,no,122.0,6,no
59.0,retired,married,primary,0,yes,104.0,7,no
58.0,retired,divorced,primary,2538,yes,307.0,6,no
64.0,retired,married,primary,43,no,117.0,1,no
47.0,technician,married,secondary,57,no,253.0,1,no
40.0,management,married,tertiary,-117,yes,770.0,2,no
36.0,technician,divorced,secondary,666,yes,190.0,1,no
28.0,management,single,tertiary,0,yes,767.0,5,yes
38.0,technician,single,tertiary,25,yes,232.0,2,yes
53.0,entrepreneur,married,primary,1034,yes,854.0,2,no
46.0,blue-collar,single,secondary,324,yes,293.0,6,no
54.0,technician,married,secondary,0,no,986.0,1,no
32.0,management,married,tertiary,0,no,66.0,1,no
55.0,management,married,primary,621,no,114.0,1,no
55.0,retired,divorced,secondary,138,no,205.0,1,no
56.0,technician,married,secondary,4063,no,31.0,4,no
40.0,blue-collar,married,secondary,11084,no,113.0,1,no
44.0,technician,married,secondary,310,yes,200.0,1,no
32.0,entrepreneur,married,unknown,73,yes,158.0,1,no
33.0,management,married,tertiary,1808,yes,99.0,4,no
41.0,unemployed,divorced,secondary,1281,no,45.0,3,no
37.0,technician,married,secondary,64,yes,239.0,4,no
58.0,management,single,tertiary,2,yes,168.0,3,no
52.0,blue-collar,married,secondary,60,no,196.0,2,no
49.0,services,single,secondary,133,no,319.0,6,no
44.0,housemaid,married,primary,3706,no,209.0,3,no
28.0,admin.,single,unknown,174,no,184.0,1,no
31.0,technician,married,secondary,251,no,156.0,2,no
37.0,self-employed,married,secondary,4153,yes,35.0,16,no
30.0,technician,single,tertiary,985,yes,88.0,2,no
28.0,services,single,secondary,168,no,347.0,3,yes
46.0,services,married,secondary,1550,yes,126.0,2,no
47.0,management,married,tertiary,7708,yes,157.0,5,no
35.0,blue-collar,married,primary,-12,yes,212.0,5,no
80.0,management,married,primary,6483,no,123.0,1,no
30.0,technician,single,tertiary,60,yes,306.0,5,no
55.0,technician,single,secondary,3339,yes,63.0,1,no
22.0,student,single,tertiary,1161,no,119.0,1,no
33.0,blue-collar,single,primary,599,yes,29.0,1,no
53.0,entrepreneur,married,unknown,28,no,117.0,2,no
49.0,management,married,tertiary,1430,no,231.0,2,no
51.0,retired,married,secondary,35,no,123.0,4,no
41.0,self-employed,married,tertiary,6000,yes,265.0,1,no
34.0,technician,married,secondary,0,yes,144.0,1,no
36.0,blue-collar,single,secondary,340,no,559.0,3,no
35.0,entrepreneur,married,tertiary,0,no,74.0,1,no
29.0,services,married,secondary,3,yes,183.0,1,no
40.0,technician,single,tertiary,445,yes,631.0,1,no
32.0,management,divorced,tertiary,874,no,1282.0,6,yes
48.0,blue-collar,married,secondary,705,no,108.0,2,no
59.0,retired,married,unknown,1033,no,1199.0,1,yes
35.0,self-employed,divorced,tertiary,1354,yes,736.0,2,yes
33.0,technician,single,tertiary,123,no,264.0,1,no
55.0,retired,married,primary,8894,no,262.0,1,no
41.0,blue-collar,married,secondary,429,yes,244.0,1,no
42.0,housemaid,married,primary,14752,no,107.0,2,no
46.0,blue-collar,married,primary,67,no,9.0,1,no
35.0,housemaid,divorced,secondary,39,no,149.0,2,no
28.0,technician,single,tertiary,102,no,321.0,2,no
25.0,student,single,secondary,1790,no,224.0,1,no
56.0,management,single,tertiary,15311,no,157.0,6,no
30.0,admin.,single,secondary,-635,no,250.0,1,no
45.0,blue-collar,married,secondary,115,no,209.0,4,no
40.0,management,married,tertiary,10786,no,111.0,3,no
40.0,blue-collar,married,secondary,498,yes,55.0,2,no
39.0,blue-collar,married,secondary,1045,yes,290.0,13,no
48.0,entrepreneur,married,tertiary,810,no,383.0,1,no
31.0,technician,single,tertiary,-162,yes,380.0,1,no
32.0,management,married,tertiary,55,no,124.0,3,no
34.0,services,married,secondary,586,yes,224.0,2,no
26.0,technician,single,secondary,455,no,240.0,1,no
31.0,management,married,tertiary,1010,yes,385.0,3,no
37.0,management,single,tertiary,509,yes,133.0,1,no
29.0,student,single,unknown,2929,no,91.0,1,no
57.0,technician,married,secondary,3071,yes,63.0,3,no
47.0,management,single,tertiary,153,yes,192.0,2,no
38.0,self-employed,single,secondary,1146,yes,91.0,2,no
48.0,blue-collar,married,primary,1092,no,79.0,1,no
50.0,management,married,tertiary,3463,no,96.0,1,yes
33.0,admin.,married,secondary,1158,yes,25.0,2,no
28.0,admin.,single,secondary,26,yes,227.0,2,no
30.0,services,single,secondary,566,no,110.0,1,no
52.0,technician,divorced,secondary,204,no,134.0,2,no
36.0,technician,married,secondary,480,no,213.0,1,yes
36.0,technician,single,secondary,1855,yes,75.0,1,no
46.0,services,married,secondary,1034,no,109.0,2,no
57.0,management,married,tertiary,3250,no,162.0,3,no
28.0,management,single,secondary,1633,no,275.0,1,yes
46.0,services,married,secondary,0,yes,154.0,1,no
55.0,retired,married,primary,3334,no,632.0,4,yes
33.0,management,married,tertiary,4020,yes,251.0,1,no
53.0,management,married,secondary,66,no,141.0,1,no
41.0,technician,single,secondary,-41,yes,154.0,1,no
60.0,blue-collar,married,secondary,322,yes,63.0,1,no
35.0,entrepreneur,married,primary,2643,no,259.0,1,no
43.0,blue-collar,divorced,primary,49,yes,100.0,1,no
57.0,admin.,divorced,primary,1,no,17.0,10,no
46.0,admin.,married,secondary,3098,yes,192.0,9,no
31.0,blue-collar,married,primary,352,yes,97.0,9,no
53.0,technician,married,secondary,65,no,41.0,2,no
35.0,blue-collar,married,secondary,1949,yes,200.0,3,no
32.0,admin.,single,secondary,739,yes,91.0,3,no
48.0,management,married,tertiary,1167,yes,264.0,1,yes
50.0,admin.,married,secondary,231,yes,397.0,2,no
40.0,blue-collar,married,primary,1136,yes,86.0,1,no
42.0,entrepreneur,married,tertiary,233,no,446.0,1,no
59.0,admin.,married,secondary,817,no,304.0,1,no
27.0,blue-collar,single,primary,1128,yes,88.0,4,no
32.0,management,single,tertiary,1831,yes,86.0,2,no
35.0,technician,single,secondary,450,yes,63.0,1,no
28.0,services,married,secondary,0,yes,335.0,2,no
37.0,management,divorced,secondary,414,no,293.0,2,no
57.0,management,married,primary,1052,yes,227.0,4,no
42.0,admin.,single,secondary,1022,yes,146.0,2,no
55.0,admin.,married,primary,343,yes,276.0,3,no
52.0,management,married,tertiary,1944,yes,238.0,3,no
26.0,blue-collar,single,secondary,-32,yes,14.0,6,no
52.0,technician,married,secondary,1781,yes,144.0,2,no
26.0,management,single,tertiary,350,no,367.0,1,no
33.0,unemployed,married,secondary,2,yes,132.0,1,no
24.0,blue-collar,single,primary,111,yes,42.0,4,no
37.0,management,divorced,tertiary,168,yes,227.0,1,no
28.0,technician,single,secondary,3,no,40.0,8,no
30.0,technician,single,secondary,102,yes,614.0,2,no
33.0,blue-collar,married,primary,0,yes,270.0,1,no
55.0,unknown,married,primary,159,no,15.0,1,no
33.0,blue-collar,married,secondary,1134,yes,304.0,2,no
42.0,blue-collar,married,secondary,352,yes,79.0,3,no
37.0,management,married,tertiary,865,yes,101.0,1,no
59.0,blue-collar,married,primary,179,yes,55.0,3,no
27.0,blue-collar,single,secondary,5,yes,205.0,3,no
23.0,student,married,tertiary,-230,yes,259.0,2,no
51.0,management,divorced,tertiary,0,no,60.0,2,no
50.0,blue-collar,married,primary,3924,yes,122.0,2,no
43.0,technician,married,secondary,764,yes,557.0,5,no
37.0,blue-collar,divorced,primary,511,yes,42.0,1,no
34.0,management,single,tertiary,4348,yes,373.0,8,no
41.0,management,married,tertiary,3016,yes,80.0,3,no
26.0,student,single,secondary,279,no,239.0,3,no
49.0,management,divorced,tertiary,1405,no,29.0,1,no
29.0,blue-collar,single,secondary,908,yes,1663.0,1,yes
30.0,management,single,tertiary,162,yes,186.0,4,no
38.0,services,divorced,secondary,792,no,430.0,1,no
58.0,management,married,secondary,111,no,58.0,2,no
34.0,student,single,unknown,1281,no,279.0,1,no
53.0,services,divorced,unknown,1012,yes,332.0,2,no
50.0,management,married,tertiary,2881,no,510.0,2,no
30.0,blue-collar,single,secondary,445,yes,218.0,1,no
40.0,management,married,secondary,643,yes,74.0,2,no
57.0,housemaid,single,secondary,254,no,676.0,1,no
40.0,management,married,tertiary,-1212,yes,1259.0,2,no
41.0,technician,married,secondary,2125,yes,285.0,3,no
53.0,technician,divorced,unknown,629,yes,298.0,1,no
48.0,blue-collar,married,secondary,-202,yes,225.0,4,no
32.0,technician,single,secondary,271,yes,80.0,2,no
34.0,management,married,tertiary,703,yes,342.0,1,yes
46.0,blue-collar,married,secondary,-216,yes,404.0,3,no
45.0,services,divorced,secondary,88,no,332.0,1,no
51.0,admin.,single,tertiary,16,yes,158.0,1,no
31.0,management,married,secondary,466,yes,164.0,1,no
47.0,technician,married,secondary,-75,yes,57.0,1,no
32.0,blue-collar,married,secondary,456,no,121.0,1,no
41.0,technician,married,secondary,77,yes,56.0,1,no
37.0,services,single,secondary,-244,no,178.0,1,no
27.0,blue-collar,single,primary,1209,no,283.0,1,no
27.0,services,married,secondary,58,yes,113.0,1,no
50.0,management,married,secondary,421,no,22.0,5,no
31.0,management,single,tertiary,112,yes,159.0,2,no
40.0,self-employed,married,tertiary,13669,no,138.0,1,no
43.0,management,married,tertiary,1429,yes,1015.0,1,yes
39.0,technician,married,tertiary,794,no,182.0,1,no
31.0,entrepreneur,single,tertiary,1957,no,112.0,3,no
48.0,technician,married,secondary,454,yes,114.0,1,no
32.0,blue-collar,single,primary,882,no,80.0,8,no
47.0,unemployed,married,primary,168,yes,66.0,1,no
35.0,management,single,tertiary,714,yes,135.0,22,no
42.0,management,single,tertiary,0,no,99.0,1,no
47.0,blue-collar,married,secondary,1996,no,761.0,2,yes
59.0,retired,married,secondary,163,no,464.0,1,no
38.0,admin.,married,secondary,3190,yes,20.0,2,no
50.0,unemployed,married,secondary,1772,no,206.0,4,no
27.0,services,single,secondary,-151,no,283.0,2,no
55.0,housemaid,married,primary,16,no,64.0,1,no
39.0,services,single,secondary,7066,yes,667.0,3,yes
31.0,technician,single,tertiary,454,no,73.0,3,no
37.0,entrepreneur,married,tertiary,4798,yes,156.0,2,no
28.0,technician,single,secondary,-298,yes,559.0,7,no
42.0,technician,married,secondary,439,no,143.0,2,no
40.0,services,divorced,secondary,1927,yes,62.0,1,no
59.0,management,single,secondary,671,yes,219.0,2,no
40.0,services,single,secondary,65,yes,15.0,3,no
43.0,technician,married,secondary,-932,yes,567.0,1,no
38.0,technician,single,secondary,4366,yes,188.0,2,no
54.0,retired,married,primary,0,yes,159.0,2,no
41.0,blue-collar,married,secondary,4900,yes,121.0,2,no
55.0,housemaid,divorced,primary,976,no,345.0,1,yes
33.0,management,married,tertiary,148,no,717.0,1,no
46.0,blue-collar,married,secondary,5,no,71.0,3,no
36.0,management,married,secondary,-148,no,1440000.0,2,no
48.0,technician,divorced,tertiary,113,no,38.0,1,no
42.0,management,married,secondary,-105,yes,60.0,2,no
46.0,management,divorced,tertiary,624,no,336.0,2,yes
49.0,technician,married,secondary,-1680,yes,92.0,4,no
36.0,blue-collar,married,secondary,-461,no,254.0,2,no
34.0,technician,single,tertiary,144,yes,104.0,1,no
51.0,entrepreneur,divorced,tertiary,4,yes,74.0,5,no
58.0,blue-collar,married,primary,309,no,156.0,2,no
48.0,management,married,tertiary,866,no,146.0,2,no
41.0,admin.,single,secondary,1020,yes,882.0,1,yes
49.0,self-employed,married,primary,489,yes,84.0,4,no
43.0,management,married,primary,8167,yes,114.0,2,no
32.0,blue-collar,single,secondary,-255,no,957.0,3,no
54.0,retired,married,secondary,3671,no,67.0,3,no
33.0,blue-collar,divorced,primary,636,yes,211.0,11,no
35.0,technician,married,secondary,141,yes,299.0,2,no
56.0,technician,married,secondary,150,yes,102.0,6,no
57.0,technician,married,secondary,839,no,225.0,1,no
31.0,housemaid,single,primary,26965,no,654.0,2,yes
33.0,technician,single,secondary,716,yes,234.0,2,no
29.0,technician,single,tertiary,2485,no,48.0,6,no
38.0,management,single,tertiary,15030,yes,167.0,1,no
37.0,admin.,married,secondary,11303,no,500.0,2,no
33.0,entrepreneur,married,tertiary,595,no,22.0,2,no
30.0,management,single,tertiary,19358,no,258.0,2,no
31.0,self-employed,single,secondary,203,no,177.0,1,no
28.0,technician,single,tertiary,183,yes,62.0,2,no
26.0,admin.,single,secondary,255,no,457008.0,1,yes
31.0,technician,single,secondary,102,yes,460.0,2,no
50.0,housemaid,divorced,primary,94,yes,184.0,4,no
45.0,entrepreneur,married,primary,58,yes,119.0,3,no
48.0,management,married,primary,606,no,77.0,6,no
41.0,technician,married,secondary,0,no,107.0,1,no
60.0,technician,married,primary,65,yes,1028.0,2,yes
41.0,blue-collar,married,secondary,338,yes,87.0,1,no
43.0,blue-collar,married,primary,757,yes,315.0,4,no
36.0,management,married,tertiary,9269,yes,107.0,2,no
40.0,blue-collar,married,primary,1206,no,201.0,5,no
28.0,management,single,tertiary,882,no,94.0,1,no
27.0,student,single,tertiary,5291,no,192.0,2,yes
49.0,management,single,secondary,61,yes,185.0,2,no
37.0,technician,married,tertiary,0,yes,77.0,1,no
31.0,blue-collar,married,secondary,1407,yes,142.0,3,no
31.0,technician,single,secondary,25,no,381.0,1,no
31.0,blue-collar,married,secondary,1354,yes,222.0,2,no
35.0,blue-collar,married,primary,793,yes,106.0,1,no
51.0,blue-collar,divorced,unknown,10287,yes,117.0,1,no
33.0,technician,single,secondary,5235,no,67.0,3,no
30.0,technician,single,tertiary,3,yes,45.0,2,no
58.0,technician,single,secondary,409,no,643.0,2,no
34.0,admin.,married,tertiary,35,yes,76.0,1,no
45.0,management,married,tertiary,-459,no,508.0,6,no
28.0,services,single,secondary,198,no,128.0,2,yes
31.0,blue-collar,married,primary,99,yes,193.0,2,no
40.0,management,married,tertiary,60,no,172.0,6,no
30.0,services,single,secondary,3485,no,142.0,2,no
34.0,entrepreneur,married,secondary,-139,yes,492.0,2,no
40.0,blue-collar,married,secondary,952,no,140.0,1,no
59.0,retired,married,primary,1427,no,140.0,2,no
43.0,technician,single,tertiary,1017,yes,257.0,2,no
41.0,management,married,tertiary,-29,no,41.0,2,no
33.0,technician,divorced,secondary,9,no,91.0,2,no
33.0,management,married,secondary,4040,yes,132.0,2,no
36.0,blue-collar,married,secondary,13,no,284.0,1,no
32.0,self-employed,single,secondary,1259,no,184.0,2,no
25.0,admin.,married,secondary,18,yes,225.0,1,no
25.0,blue-collar,married,secondary,-76,yes,241.0,3,no
38.0,technician,single,tertiary,221,no,79.0,3,no
34.0,management,married,tertiary,136,yes,156.0,1,no
67.0,blue-collar,married,secondary,16353,no,223.0,2,no
32.0,blue-collar,married,secondary,-63,yes,198.0,1,no
45.0,housemaid,married,primary,7353,no,536.0,2,no
33.0,blue-collar,married,primary,511,yes,304.0,2,no
38.0,admin.,married,primary,3913,yes,196.0,2,no
32.0,technician,divorced,secondary,1097,yes,298.0,2,no
54.0,retired,divorced,tertiary,6102,yes,86.0,6,no
51.0,admin.,divorced,secondary,340,yes,186.0,1,no
42.0,blue-collar,married,primary,-119,yes,167.0,3,no
41.0,admin.,married,secondary,2993,yes,24.0,12,no
39.0,management,divorced,tertiary,3575,no,74.0,3,no
38.0,blue-collar,married,secondary,361,yes,601.0,1,no
39.0,management,married,secondary,1072,yes,1168.0,2,no
46.0,blue-collar,married,primary,2904,no,277.0,2,no
50.0,entrepreneur,divorced,tertiary,1790,no,748.0,3,no
33.0,blue-collar,married,secondary,86,yes,364.0,1,no
37.0,technician,married,secondary,1633,yes,229.0,3,no
31.0,management,married,tertiary,8312,no,43.0,13,no
34.0,blue-collar,divorced,unknown,172,no,177.0,1,yes
34.0,management,married,tertiary,0,yes,262.0,1,yes
36.0,management,married,tertiary,222,yes,317.0,1,no
40.0,technician,married,secondary,109,no,402.0,22,no
40.0,blue-collar,married,secondary,1451,no,314.0,1,yes
41.0,technician,married,secondary,1066,no,109.0,3,yes
52.0,management,married,tertiary,3163,no,56.0,6,no
40.0,services,single,secondary,888,yes,169.0,2,no
48.0,blue-collar,single,unknown,428,yes,127.0,1,no
33.0,management,divorced,secondary,106,no,175.0,3,no
44.0,technician,divorced,secondary,0,no,56.0,2,no
55.0,management,married,tertiary,979,no,123.0,1,no
51.0,admin.,married,secondary,2662,no,148.0,2,no
34.0,management,single,tertiary,84,no,231.0,1,no
58.0,retired,divorced,unknown,5920,yes,255.0,1,no
39.0,management,single,tertiary,816,yes,37.0,3,no
27.0,unemployed,single,secondary,3276,no,106.0,1,no
55.0,management,divorced,unknown,2,yes,95.0,1,no
35.0,technician,single,secondary,-51,no,134.0,2,no
37.0,technician,single,tertiary,3315,yes,820.0,2,no
52.0,technician,married,secondary,196,yes,116.0,1,no
41.0,blue-collar,married,secondary,552,yes,463.0,1,no
52.0,admin.,married,secondary,2347,no,603.0,3,no
34.0,blue-collar,single,secondary,3723,yes,47.0,5,no
53.0,management,divorced,primary,255,no,126.0,1,no
33.0,management,single,tertiary,3143,no,421.0,2,yes
47.0,self-employed,married,secondary,0,no,174.0,8,no
35.0,blue-collar,married,secondary,6411,yes,144.0,1,no
33.0,management,single,tertiary,1909,no,191.0,2,no
55.0,blue-collar,married,primary,3873,no,222.0,1,no
58.0,self-employed,married,primary,1013,yes,206.0,1,yes
44.0,admin.,married,secondary,262,yes,74.0,1,no
25.0,services,single,secondary,3217,yes,24.0,1,no
37.0,technician,single,secondary,5436,yes,7.0,11,no
41.0,blue-collar,married,primary,2067,yes,493.0,7,no
34.0,blue-collar,single,secondary,215,no,350.0,3,yes
36.0,services,divorced,secondary,1594,no,250.0,3,no
44.0,self-employed,married,tertiary,134,no,86.0,4,no
34.0,entrepreneur,divorced,tertiary,262,no,371.0,1,no
56.0,blue-collar,divorced,primary,3021,no,419.0,2,no
43.0,management,divorced,tertiary,388,yes,2087.0,2,yes
28.0,blue-collar,single,secondary,3412,yes,22.0,4,no
54.0,blue-collar,married,secondary,1291,yes,266.0,1,no
37.0,technician,divorced,secondary,79,no,191.0,1,no
59.0,self-employed,married,tertiary,2013,no,222.0,4,yes
58.0,blue-collar,divorced,secondary,543,no,264.0,3,no
56.0,management,divorced,tertiary,1016,yes,184.0,5,no
32.0,blue-collar,single,secondary,604,no,95.0,3,no
42.0,management,single,tertiary,525,no,127.0,2,no
52.0,retired,divorced,primary,353,no,395.0,4,no
46.0,management,married,tertiary,964,yes,174.0,1,no
37.0,admin.,married,tertiary,3913,yes,124.0,1,yes
39.0,blue-collar,married,primary,879,yes,102.0,2,no
31.0,admin.,married,secondary,314,yes,279.0,1,no
59.0,housemaid,married,primary,0,no,76.0,11,no
38.0,blue-collar,married,secondary,1370,yes,472.0,2,no
58.0,management,married,secondary,37,no,84.0,11,no
34.0,management,single,tertiary,673,yes,271.0,1,no
40.0,services,married,secondary,-342,yes,754.0,1,no
20.0,student,single,secondary,291,no,172.0,5,no
34.0,technician,married,secondary,209,yes,375.0,2,no
31.0,technician,single,tertiary,438,yes,130.0,2,no
39.0,admin.,single,secondary,1242,yes,303.0,3,no
34.0,entrepreneur,married,tertiary,355,yes,261.0,1,no
24.0,blue-collar,married,secondary,204,yes,229.0,3,no
41.0,management,married,tertiary,10758,yes,288.0,1,no
40.0,management,married,tertiary,5,yes,219.0,3,no
45.0,technician,single,secondary,410,yes,891.0,4,yes
36.0,management,married,tertiary,605,yes,204.0,1,no
53.0,management,married,tertiary,4,no,19.0,6,no
23.0,student,single,secondary,8494,no,158.0,2,no
42.0,entrepreneur,married,primary,198,yes,314.0,1,no
48.0,blue-collar,married,secondary,841,yes,215.0,1,no
34.0,management,married,tertiary,8,no,169.0,4,no
36.0,admin.,married,secondary,470,yes,101.0,4,no
43.0,retired,married,secondary,520,yes,15.0,13,no
36.0,blue-collar,married,secondary,439,yes,260.0,5,no
49.0,blue-collar,married,secondary,-454,yes,558.0,1,yes
55.0,retired,married,secondary,466,no,287.0,4,no
53.0,retired,married,secondary,665,yes,371.0,2,yes
42.0,technician,married,secondary,994,yes,149.0,1,yes
45.0,admin.,married,secondary,5346,yes,187.0,1,yes
31.0,blue-collar,married,secondary,1243,yes,32.0,1,no
32.0,admin.,married,tertiary,0,yes,138.0,1,no
36.0,blue-collar,married,secondary,2357,yes,228.0,2,no
56.0,retired,married,secondary,1044,no,353.0,2,yes
46.0,admin.,married,secondary,1069,yes,45.0,2,no
41.0,housemaid,single,secondary,231,no,76.0,2,no
31.0,admin.,married,secondary,0,yes,144.0,2,no
32.0,technician,married,secondary,266,yes,168.0,2,no
38.0,management,married,tertiary,-70,yes,140.0,1,no
49.0,retired,single,primary,25824,no,94.0,1,no
46.0,management,single,primary,538,no,118.0,3,no
29.0,technician,single,secondary,534,yes,382.0,1,no
36.0,admin.,married,unknown,2323,no,111.0,1,no
38.0,admin.,married,secondary,1852,yes,298.0,2,no
53.0,technician,married,secondary,2647,yes,121.0,1,no
43.0,management,married,tertiary,2767,yes,317.0,7,no
41.0,management,married,tertiary,176,yes,42.0,1,no
42.0,management,single,secondary,9720,no,81.0,2,no
55.0,blue-collar,divorced,secondary,1613,yes,296.0,1,yes
39.0,admin.,divorced,secondary,2903,yes,259.0,2,no
30.0,admin.,single,secondary,81,yes,121.0,6,no
41.0,blue-collar,married,secondary,780,yes,432.0,3,no
44.0,unemployed,married,tertiary,178,no,126.0,2,no
58.0,management,married,tertiary,299,no,120.0,4,no
35.0,retired,married,primary,285,yes,136.0,1,no
27.0,blue-collar,married,secondary,872,yes,1130.0,3,no
34.0,services,married,secondary,1337,no,330.0,2,yes
25.0,services,married,secondary,72,yes,305.0,2,no
36.0,blue-collar,married,secondary,0,no,332.0,3,no
38.0,blue-collar,married,secondary,-388,yes,412.0,1,no
30.0,admin.,married,secondary,11,yes,157.0,1,no
47.0,blue-collar,divorced,secondary,-535,yes,71.0,2,no
41.0,services,divorced,secondary,787,yes,297.0,2,no
36.0,management,single,tertiary,3343,no,307.0,1,no
63.0,entrepreneur,married,secondary,3904,no,250.0,2,yes
23.0,management,single,tertiary,736,yes,119.0,1,no
32.0,management,married,tertiary,1390,no,116.0,2,no
57.0,retired,married,primary,808,no,274.0,1,no
48.0,management,married,tertiary,1147,no,389.0,1,yes
49.0,services,married,secondary,1122,no,143.0,1,no
50.0,technician,married,secondary,-568,yes,860.0,2,no
33.0,blue-collar,married,primary,1165,yes,420.0,2,no
53.0,services,divorced,secondary,-905,yes,213.0,1,no
30.0,unemployed,married,tertiary,0,yes,756.0,1,no
38.0,technician,married,secondary,740,no,259.0,3,no
44.0,management,married,secondary,8262,yes,201.0,16,no
39.0,admin.,single,secondary,14,yes,19.0,9,no
45.0,technician,single,unknown,7108,yes,53.0,1,no
36.0,blue-collar,married,secondary,1049,yes,224.0,4,yes
38.0,blue-collar,married,secondary,0,yes,57.0,5,no
36.0,housemaid,married,secondary,419,yes,251.0,1,no
30.0,management,single,tertiary,726,yes,39.0,1,no
28.0,technician,divorced,tertiary,594,yes,54.0,3,no
26.0,unemployed,married,tertiary,454,yes,28.0,18,no
54.0,unknown,married,secondary,2206,no,104.0,1,yes
38.0,admin.,married,tertiary,1988,no,164.0,2,yes
32.0,technician,single,tertiary,0,no,268.0,2,no
50.0,admin.,divorced,secondary,202,no,148.0,1,no
43.0,blue-collar,married,secondary,667,yes,228.0,3,no
48.0,admin.,married,secondary,112,no,139.0,5,no
57.0,housemaid,married,primary,50,no,89.0,3,no
64.0,housemaid,married,primary,768,no,250.0,2,no
26.0,services,divorced,secondary,74,yes,106.0,6,no
33.0,blue-collar,married,secondary,661,yes,968.0,1,yes
50.0,self-employed,married,secondary,3025,no,168.0,3,no
47.0,self-employed,married,tertiary,751,no,408.0,14,no
39.0,management,single,tertiary,416,no,56.0,4,no
52.0,services,married,primary,14,no,55.0,5,no
31.0,blue-collar,single,primary,-502,yes,76.0,4,no
50.0,blue-collar,married,primary,0,no,72.0,5,no
47.0,technician,married,secondary,599,yes,99.0,3,no
30.0,management,single,tertiary,-218,yes,13.0,15,no
32.0,technician,single,tertiary,1012,no,178.0,1,no
36.0,technician,married,secondary,300,no,287.0,1,no
46.0,technician,married,tertiary,217,yes,141.0,1,no
45.0,management,divorced,tertiary,2096,no,127.0,1,no
37.0,technician,single,secondary,0,no,69.0,2,no
58.0,housemaid,married,primary,5278,yes,763.0,4,no
59.0,management,married,tertiary,1831,no,122.0,1,no
28.0,management,married,tertiary,1480,yes,143.0,1,no
48.0,management,married,tertiary,7289,yes,316.0,3,no
55.0,blue-collar,married,unknown,1665,no,89.0,2,no
37.0,blue-collar,single,primary,851,yes,151.0,1,no
41.0,management,married,tertiary,2885,no,40.0,1,no
35.0,blue-collar,married,secondary,137,no,5.0,1,no
34.0,blue-collar,single,secondary,1239,yes,90.0,1,no
43.0,management,single,tertiary,146,no,50.0,1,no
59.0,technician,married,secondary,1,no,159.0,2,yes
50.0,blue-collar,divorced,primary,-10,no,369.0,6,no
37.0,technician,married,secondary,480,no,344.0,2,yes
35.0,technician,married,secondary,2789,yes,256.0,2,no
50.0,technician,single,secondary,3897,no,298.0,1,no
36.0,technician,divorced,secondary,487,no,268.0,3,no
41.0,admin.,married,secondary,5110,yes,231.0,1,no
28.0,management,married,tertiary,318,yes,4.0,4,no
42.0,technician,single,tertiary,-411,yes,78.0,5,no
60.0,retired,married,secondary,4820,no,419.0,1,no
28.0,management,single,tertiary,4937,yes,421.0,3,no
48.0,entrepreneur,married,secondary,725,no,105.0,1,no
51.0,entrepreneur,married,tertiary,5403,no,42.0,1,no
32.0,technician,married,tertiary,4089,no,114.0,7,no
35.0,technician,married,tertiary,188,no,286.0,2,no
37.0,technician,married,unknown,189,no,238.0,1,yes
38.0,blue-collar,divorced,secondary,2998,yes,91.0,1,no
77.0,retired,married,secondary,610,no,766.0,3,no
32.0,management,single,unknown,787,no,92.0,1,no
43.0,technician,divorced,secondary,167,no,211.0,3,no
36.0,management,single,tertiary,243,yes,160.0,2,no
29.0,management,married,tertiary,877,no,166.0,3,no
32.0,admin.,single,secondary,2817,yes,195.0,1,no
41.0,management,divorced,tertiary,4567,yes,106.0,1,no
26.0,services,single,secondary,127,yes,85.0,3,no
34.0,blue-collar,married,primary,176,no,78.0,1,no
57.0,retired,married,tertiary,0,yes,648.0,1,yes
36.0,services,single,secondary,1482,yes,177.0,2,no
42.0,blue-collar,married,secondary,3052,yes,32.0,1,no
35.0,technician,divorced,secondary,56,no,24.0,12,no
52.0,entrepreneur,divorced,primary,278,yes,688.0,2,no
36.0,management,single,tertiary,3875,yes,21.0,5,no
46.0,technician,married,secondary,-337,yes,112.0,1,no
60.0,management,divorced,tertiary,366,no,593.0,1,yes
57.0,housemaid,married,primary,501,yes,59.0,2,no
48.0,management,married,tertiary,998,yes,121.0,3,no
59.0,self-employed,married,primary,0,yes,97.0,2,no
39.0,management,married,tertiary,246,no,86.0,2,no
44.0,blue-collar,married,secondary,-182,yes,10.0,10,no
27.0,management,single,tertiary,446,no,205.0,3,no
59.0,retired,married,secondary,1173,no,77.0,2,no
36.0,technician,divorced,secondary,5957,yes,138.0,2,no
44.0,admin.,married,secondary,205,no,289.0,1,yes
50.0,admin.,married,secondary,0,no,86.0,4,no
41.0,management,divorced,tertiary,369,yes,9.0,3,no
47.0,admin.,married,secondary,1934,no,225.0,1,no
32.0,technician,single,tertiary,259,no,407.0,4,no
38.0,blue-collar,married,secondary,284,yes,1030.0,6,no
55.0,blue-collar,married,unknown,23,no,123.0,2,no
38.0,management,single,tertiary,1373,no,119.0,4,no
31.0,management,single,tertiary,62,yes,175.0,1,no
38.0,blue-collar,divorced,secondary,157,no,299.0,5,no
29.0,unemployed,single,tertiary,991,no,563.0,1,no
55.0,services,married,secondary,186,yes,241.0,1,no
35.0,unemployed,married,secondary,977,yes,52.0,4,no
40.0,self-employed,single,tertiary,2893,no,76.0,3,no
34.0,blue-collar,married,secondary,1897,yes,441.0,1,no
32.0,technician,single,tertiary,5514,no,319.0,1,yes
33.0,blue-collar,married,secondary,889,yes,13.0,1,no
33.0,management,married,tertiary,273,yes,803.0,1,yes
37.0,admin.,married,secondary,1193,no,396.0,2,no
58.0,management,married,tertiary,2729,no,188.0,1,no
36.0,admin.,single,secondary,0,no,637.0,1,no
42.0,blue-collar,married,secondary,230,yes,175.0,7,no
34.0,technician,single,secondary,2729,yes,945.0,1,no
35.0,management,married,tertiary,317,yes,162.0,3,no
60.0,housemaid,married,primary,517,no,1178.0,3,no
50.0,management,married,tertiary,-470,yes,506.0,2,no
28.0,self-employed,single,tertiary,4579,no,409.0,2,yes
27.0,blue-collar,divorced,secondary,1,yes,116.0,3,no
37.0,management,married,tertiary,5106,no,244.0,1,yes
31.0,technician,married,tertiary,636,yes,352.0,4,yes
34.0,services,married,secondary,1076,no,152.0,1,yes
38.0,management,married,tertiary,126,yes,164.0,2,no
32.0,self-employed,married,secondary,-33,yes,234.0,3,no
37.0,technician,married,secondary,430,no,154.0,4,no
33.0,admin.,married,secondary,-6,yes,566.0,2,no
71.0,technician,married,tertiary,383,no,327.0,2,no
27.0,technician,married,secondary,130,yes,265.0,3,no
38.0,blue-collar,married,primary,2569,no,172.0,1,no
34.0,technician,single,secondary,201,no,257.0,2,no
54.0,retired,divorced,tertiary,0,no,618.0,1,yes
30.0,blue-collar,married,secondary,6,yes,241.0,3,no
35.0,entrepreneur,single,secondary,475,no,936.0,4,no
33.0,blue-collar,single,secondary,706,yes,329.0,1,no
36.0,management,married,secondary,1825,yes,24.0,1,no
59.0,self-employed,married,tertiary,185,no,177.0,5,no
72.0,blue-collar,married,primary,4415,no,120.0,1,no
64.0,management,married,tertiary,679,no,135.0,3,no
53.0,technician,divorced,secondary,320,no,175.0,1,no
35.0,management,single,tertiary,2988,yes,179.0,1,no
58.0,self-employed,married,secondary,1407,yes,58.0,1,no
40.0,technician,married,secondary,1270,no,342.0,2,no
41.0,services,divorced,secondary,654,yes,139.0,2,no
48.0,retired,married,primary,5173,yes,88.0,8,no
44.0,entrepreneur,married,tertiary,3463,yes,210.0,3,no
39.0,blue-collar,married,unknown,0,no,731.0,1,no
61.0,management,married,tertiary,6016,no,670.0,3,yes
36.0,entrepreneur,married,primary,177,yes,63.0,5,no
28.0,management,married,tertiary,3694,no,70.0,2,no
58.0,retired,single,secondary,1640,no,72.0,6,no
60.0,admin.,divorced,secondary,174,yes,241.0,1,no
66.0,admin.,single,secondary,10177,no,272.0,4,no
36.0,management,single,tertiary,490,no,207.0,8,yes
49.0,self-employed,married,secondary,2576,yes,64.0,6,no
40.0,services,married,secondary,0,no,543.0,2,no
23.0,technician,single,secondary,598,no,166.0,1,no
29.0,management,single,tertiary,15459,no,245.0,3,no
44.0,blue-collar,married,primary,271,yes,94.0,1,no
54.0,unknown,married,unknown,2508,no,34.0,8,no
47.0,blue-collar,married,primary,320,no,203.0,2,no
33.0,admin.,married,tertiary,640,no,318.0,1,no
30.0,self-employed,married,secondary,1772,yes,158.0,4,no
27.0,admin.,single,secondary,15,no,177.0,1,no
49.0,management,divorced,tertiary,2370,yes,56.0,1,no
27.0,services,single,secondary,201,yes,172.0,2,no
51.0,blue-collar,married,secondary,160,yes,136.0,1,no
32.0,admin.,divorced,secondary,5,yes,82.0,3,no
30.0,blue-collar,single,secondary,75,yes,123.0,1,no
33.0,admin.,married,secondary,4902,yes,110.0,1,no
27.0,blue-collar,single,primary,-79,yes,385.0,5,no
75.0,retired,divorced,secondary,1341,no,415.0,7,yes
37.0,services,divorced,secondary,490,yes,73.0,1,no
36.0,technician,single,secondary,1521,yes,243.0,2,no
37.0,blue-collar,married,secondary,131,yes,137.0,2,no
35.0,management,married,tertiary,8,yes,55.0,4,no
32.0,services,married,secondary,-632,yes,18.0,5,no
32.0,admin.,single,secondary,116,no,255.0,2,no
35.0,admin.,married,primary,189,yes,95.0,1,no
31.0,blue-collar,married,primary,2,yes,112.0,1,no
28.0,blue-collar,single,secondary,4229,yes,205.0,2,no
27.0,services,married,secondary,54,yes,97.0,1,no
22.0,student,single,unknown,549,no,154.0,1,no
35.0,blue-collar,married,primary,298,yes,135.0,2,no
69.0,retired,married,primary,579,no,230.0,1,no
37.0,entrepreneur,single,tertiary,1467,yes,349.0,1,no
45.0,admin.,single,secondary,0,yes,38.0,1,no
47.0,management,married,tertiary,109,yes,268.0,1,no
52.0,management,married,tertiary,-11,yes,94.0,4,no
33.0,services,married,secondary,90,yes,263.0,2,no
60.0,blue-collar,married,primary,493,no,671.0,4,yes
33.0,management,divorced,secondary,1897,yes,197.0,1,no
44.0,admin.,married,secondary,2403,yes,180.0,2,no
38.0,entrepreneur,married,secondary,868,no,452.0,2,no
54.0,entrepreneur,married,secondary,653,yes,352.0,1,no
32.0,unemployed,divorced,primary,0,no,175.0,4,no
33.0,technician,married,secondary,0,yes,163.0,2,no
55.0,services,divorced,secondary,218,yes,200.0,2,no
51.0,blue-collar,married,primary,5050,no,75.0,7,no
48.0,blue-collar,married,secondary,741,yes,227.0,1,no
37.0,services,single,secondary,1050,yes,586.0,3,no
33.0,services,single,secondary,-56,no,119.0,5,no
30.0,blue-collar,married,primary,1,yes,80.0,2,no
43.0,blue-collar,married,primary,-98,yes,112.0,2,no
49.0,technician,married,secondary,4667,yes,130.0,2,no
54.0,unemployed,married,primary,541,yes,237.0,3,no
31.0,unemployed,married,tertiary,7744,no,377.0,8,no
54.0,unknown,married,unknown,895,no,335.0,1,yes
36.0,unemployed,married,secondary,-129,yes,121.0,3,no
30.0,admin.,married,secondary,0,no,127.0,5,no
27.0,technician,single,secondary,158,no,650.0,2,yes
30.0,admin.,married,secondary,122,yes,107.0,1,no
30.0,blue-collar,married,secondary,673,yes,610.0,2,no
35.0,technician,divorced,secondary,0,no,124.0,4,no
33.0,services,divorced,secondary,411,yes,216.0,1,no
43.0,blue-collar,divorced,primary,-97,yes,747.0,4,no
41.0,blue-collar,married,secondary,-217,yes,313.0,1,no
41.0,management,divorced,tertiary,5037,no,252.0,9,yes
46.0,admin.,divorced,secondary,2232,no,121.0,1,yes
54.0,blue-collar,married,secondary,-932,yes,799.0,1,no
32.0,management,married,tertiary,913,yes,883.0,1,no
30.0,technician,single,tertiary,236,yes,197.0,1,no
40.0,entrepreneur,married,primary,0,yes,271.0,2,no
30.0,blue-collar,married,primary,2581,no,221.0,2,no
27.0,admin.,married,secondary,639,no,243.0,3,no
41.0,blue-collar,married,primary,849,yes,72.0,1,no
54.0,services,married,secondary,386,yes,155.0,2,no
32.0,management,single,tertiary,1218,yes,70.0,2,no
31.0,management,married,tertiary,2603,yes,280.0,4,yes
42.0,blue-collar,married,secondary,-921,yes,115.0,2,no
48.0,admin.,married,primary,607,no,29.0,2,no
34.0,blue-collar,married,primary,79,yes,406.0,2,no
55.0,technician,divorced,secondary,61,yes,113.0,3,no
49.0,technician,married,secondary,1091,no,47.0,2,no
46.0,management,divorced,tertiary,743,no,36.0,2,no
47.0,entrepreneur,married,unknown,209,yes,135.0,2,no
24.0,management,single,tertiary,172,no,67.0,2,no
58.0,entrepreneur,married,secondary,2,no,684.0,1,no
32.0,management,single,tertiary,41,no,686.0,5,yes
25.0,student,single,secondary,1116,yes,170.0,3,no
49.0,blue-collar,married,secondary,-55,no,150.0,3,no
59.0,retired,divorced,secondary,5845,no,1060.0,2,yes
30.0,management,single,tertiary,329,yes,122.0,16,no
46.0,blue-collar,married,secondary,494,yes,724.0,1,no
42.0,management,married,unknown,1519,no,230.0,1,yes
37.0,entrepreneur,married,tertiary,2685,no,187.0,2,no
44.0,blue-collar,married,primary,-14,yes,179.0,4,no
49.0,services,married,secondary,5673,no,357.0,3,no
41.0,blue-collar,married,secondary,1459,no,82.0,1,no
48.0,technician,married,tertiary,0,no,176.0,15,no
31.0,management,married,secondary,625,yes,424.0,1,no
37.0,student,married,unknown,0,no,115.0,1,no
51.0,services,married,secondary,867,yes,177.0,2,no
80.0,retired,married,secondary,8304,no,712.0,1,yes
32.0,management,single,tertiary,151,yes,118.0,1,no
48.0,services,married,primary,-583,yes,25.0,7,no
49.0,blue-collar,married,tertiary,1784,no,753.0,1,no
30.0,management,married,tertiary,3134,yes,124.0,1,no
27.0,self-employed,single,secondary,49,yes,208.0,2,no
34.0,technician,married,secondary,-346,no,136.0,4,no
49.0,management,married,secondary,1623,yes,1081.0,2,yes
48.0,management,married,tertiary,60,no,376.0,2,no
40.0,services,married,secondary,17,no,78.0,1,no
38.0,blue-collar,married,secondary,2008,yes,354.0,1,no
46.0,blue-collar,married,primary,91,yes,29.0,1,no
41.0,entrepreneur,married,tertiary,171,yes,209.0,1,no
28.0,management,single,tertiary,1027,yes,433.0,1,no
51.0,services,married,unknown,5801,yes,147.0,2,no
33.0,blue-collar,divorced,primary,142,yes,41.0,2,no
26.0,management,single,tertiary,205,no,111.0,1,no
34.0,admin.,single,secondary,852,no,108.0,2,no
27.0,blue-collar,married,secondary,-584,yes,411.0,2,no
42.0,self-employed,married,secondary,97,no,108.0,2,no
45.0,admin.,married,secondary,204,yes,224.0,2,yes
31.0,technician,single,secondary,628,yes,1083.0,2,no
32.0,management,single,tertiary,311,no,757.0,2,yes
39.0,blue-collar,married,primary,1564,no,57.0,1,no
26.0,blue-collar,single,secondary,856,yes,95.0,5,no
40.0,management,single,tertiary,1509,no,144.0,2,no
52.0,services,married,secondary,-888,no,135.0,1,no
40.0,technician,single,tertiary,226,no,176.0,2,no
48.0,technician,married,secondary,127,no,524.0,5,no
31.0,services,married,secondary,413,yes,65.0,1,no
27.0,admin.,married,secondary,710,yes,653.0,1,yes
47.0,technician,married,secondary,1233,yes,91.0,1,yes
28.0,management,single,secondary,171,no,93.0,1,yes
40.0,management,divorced,tertiary,69,yes,503.0,2,no
34.0,admin.,married,secondary,1499,yes,186.0,1,no
29.0,self-employed,married,tertiary,751,yes,121.0,2,no
36.0,management,married,tertiary,61,no,452.0,2,no
83.0,retired,married,primary,425,no,883.0,1,yes
55.0,services,divorced,primary,2923,yes,104.0,2,no
43.0,management,divorced,tertiary,99,no,24.0,3,no
23.0,student,single,secondary,1021,no,79.0,9,no
44.0,technician,married,tertiary,1146,no,178.0,2,no
58.0,blue-collar,married,primary,781,yes,74.0,2,no
29.0,admin.,single,secondary,1448,no,217.0,1,no
30.0,management,single,tertiary,604,no,475.0,1,no
29.0,admin.,single,secondary,-194,yes,127.0,1,no
41.0,technician,married,secondary,0,no,101.0,1,no
35.0,housemaid,married,primary,0,yes,340.0,3,no
31.0,technician,single,secondary,1014,yes,158.0,4,no
27.0,admin.,single,tertiary,73,no,242.0,1,no
47.0,services,married,secondary,2597,yes,323.0,1,no
53.0,self-employed,married,tertiary,2627,yes,18.0,30,no
34.0,management,married,tertiary,1906,yes,68.0,3,no
34.0,blue-collar,married,primary,-319,yes,134.0,4,no
36.0,management,married,tertiary,-296,yes,113.0,3,no
40.0,technician,married,secondary,169,yes,43.0,4,no
37.0,self-employed,single,tertiary,556,no,200.0,2,no
65.0,retired,divorced,unknown,300,no,245.0,2,no
53.0,technician,divorced,secondary,751,yes,343.0,4,no
28.0,technician,single,secondary,126,no,229.0,1,no
33.0,technician,divorced,tertiary,-386,yes,530.0,1,no
56.0,blue-collar,married,primary,379,no,58.0,5,no
45.0,self-employed,married,secondary,706,no,78.0,2,no
39.0,technician,married,secondary,9121,no,147.0,1,no
28.0,management,single,tertiary,1466,yes,40.0,1,no
36.0,blue-collar,married,primary,0,yes,618.0,2,no
41.0,blue-collar,married,primary,951,yes,23.0,4,no
46.0,admin.,married,secondary,368,no,293.0,1,yes
41.0,blue-collar,married,secondary,121,yes,16.0,6,no
59.0,services,married,secondary,204,no,286.0,2,no
24.0,admin.,married,secondary,299,yes,209.0,1,no
34.0,management,married,tertiary,4170,yes,935.0,1,no
40.0,blue-collar,married,primary,-335,yes,260.0,1,no
42.0,admin.,married,secondary,3165,yes,298.0,4,no
50.0,services,married,secondary,254,yes,397.0,2,no
25.0,management,single,tertiary,553,yes,113.0,4,no
51.0,services,divorced,secondary,518,yes,76.0,1,no
50.0,management,married,tertiary,85,no,141.0,1,no
37.0,blue-collar,married,unknown,603,yes,773.0,2,no
21.0,services,single,secondary,361,no,329.0,1,no
52.0,blue-collar,married,secondary,-98,yes,423.0,1,no
55.0,retired,married,primary,4424,no,67.0,4,no
26.0,technician,single,secondary,2610,yes,626.0,1,no
38.0,technician,married,tertiary,3234,no,578.0,2,yes
32.0,blue-collar,married,secondary,687,yes,61.0,1,no
31.0,blue-collar,married,secondary,631,yes,248.0,4,no
34.0,technician,single,secondary,341,no,136.0,1,no
33.0,technician,single,tertiary,316,no,126.0,3,no
35.0,technician,married,secondary,2,no,653.0,3,no
44.0,management,married,unknown,415,yes,7.0,7,no
48.0,management,divorced,tertiary,507,yes,528.0,1,no
29.0,blue-collar,married,secondary,912,yes,785.0,1,no
50.0,management,married,tertiary,0,no,243.0,5,no
37.0,blue-collar,married,primary,37,yes,24.0,2,no
44.0,admin.,single,secondary,2524,no,82.0,1,no
36.0,unemployed,single,tertiary,9019,yes,952.0,3,no
49.0,blue-collar,divorced,unknown,39,yes,27.0,5,no
31.0,blue-collar,married,secondary,0,yes,143.0,1,no
49.0,technician,divorced,secondary,265,yes,274.0,6,no
35.0,blue-collar,single,secondary,0,yes,1174.0,1,yes
57.0,admin.,divorced,unknown,4012,no,915.0,1,no
42.0,blue-collar,married,primary,1520,yes,115.0,1,no
36.0,blue-collar,divorced,secondary,-140,yes,222.0,2,no
75.0,retired,divorced,primary,852,no,341.0,1,no
38.0,blue-collar,single,secondary,578,yes,112.0,2,no
40.0,blue-collar,married,primary,0,yes,64.0,2,no
38.0,services,single,secondary,2253,yes,937.0,3,yes
34.0,management,single,tertiary,1171,yes,129.0,1,no
29.0,technician,single,tertiary,452,yes,59.0,1,no
28.0,admin.,married,secondary,-97,yes,79.0,1,no
79.0,retired,married,secondary,4738,no,151.0,5,no
51.0,admin.,divorced,secondary,467,yes,83.0,1,no
32.0,student,single,tertiary,0,no,101.0,5,no
36.0,management,married,tertiary,495,no,157.0,3,yes
38.0,entrepreneur,married,secondary,157,no,57.0,11,no
49.0,self-employed,married,secondary,358,yes,176.0,3,no
42.0,services,married,secondary,292,yes,222.0,3,no
43.0,blue-collar,married,primary,7343,yes,217.0,4,no
34.0,blue-collar,married,secondary,-563,yes,252.0,1,no
59.0,retired,single,secondary,351,yes,1063.0,5,yes
35.0,unknown,married,primary,365,no,41.0,2,no
33.0,blue-collar,single,secondary,13494,yes,27.0,25,no
34.0,admin.,single,secondary,846,yes,758.0,2,no
64.0,retired,married,secondary,1574,no,301.0,3,yes
34.0,entrepreneur,married,tertiary,-28,yes,574.0,1,no
77.0,retired,married,tertiary,0,no,847.0,1,yes
57.0,retired,married,primary,2927,no,78.0,5,no
30.0,blue-collar,married,secondary,501,yes,514.0,1,no
56.0,housemaid,divorced,primary,1238,no,1558.0,1,yes
49.0,unknown,married,unknown,301,no,789.0,2,no
73.0,retired,married,primary,1388,no,146.0,3,no
39.0,technician,single,secondary,102,yes,272.0,2,no
57.0,technician,divorced,primary,13,yes,323.0,2,no
32.0,self-employed,married,secondary,413,yes,712.0,2,no
32.0,technician,single,tertiary,4665,yes,860.0,2,yes
45.0,admin.,married,secondary,638,yes,75.0,9,no
32.0,blue-collar,married,secondary,101,yes,191.0,4,no
31.0,management,married,tertiary,1224,yes,1441.0,2,yes
49.0,self-employed,married,secondary,1103,no,428.0,2,no
29.0,services,married,secondary,3748,no,322.0,3,no
55.0,technician,married,secondary,955,yes,104.0,1,no
30.0,admin.,married,secondary,518,yes,127.0,1,no
45.0,services,single,primary,1893,yes,1259.0,6,yes
39.0,technician,married,tertiary,14,no,114.0,2,no
36.0,admin.,married,secondary,-423,yes,106.0,1,no
33.0,management,married,tertiary,3696,no,305.0,1,no
36.0,management,married,tertiary,2987,yes,307.0,1,yes
31.0,technician,single,secondary,433,no,1504.0,2,no
36.0,technician,married,unknown,756,no,396.0,3,no
38.0,technician,single,tertiary,0,yes,71.0,1,no
33.0,unknown,married,secondary,2727,no,205.0,3,no
40.0,technician,married,secondary,93,yes,134.0,2,no
31.0,blue-collar,married,secondary,1766,no,166.0,2,yes
39.0,services,married,secondary,124,yes,81.0,5,no
33.0,admin.,married,tertiary,69,no,77.0,2,no
53.0,services,divorced,secondary,0,no,80.0,2,yes
38.0,management,married,tertiary,0,yes,537.0,5,no
59.0,technician,married,secondary,259,no,415.0,1,yes
55.0,blue-collar,married,primary,4103,no,291.0,1,no
38.0,technician,single,tertiary,744,yes,283.0,1,no
48.0,services,married,secondary,116,yes,70.0,4,no
53.0,blue-collar,married,secondary,70,yes,611.0,2,no
44.0,admin.,divorced,secondary,432,no,132.0,3,no
57.0,management,married,tertiary,1172,no,26.0,1,no
29.0,blue-collar,single,secondary,9,yes,262.0,3,no
31.0,services,married,secondary,428,yes,272.0,1,no
35.0,technician,single,tertiary,7546,yes,137.0,1,no
31.0,blue-collar,married,primary,620,no,95.0,1,no
35.0,self-employed,married,tertiary,8647,no,140.0,2,no
40.0,management,single,secondary,192,yes,71.0,11,no
39.0,blue-collar,married,secondary,0,yes,502.0,1,no
43.0,technician,single,tertiary,27733,yes,164.0,7,no
44.0,entrepreneur,married,primary,276,yes,219.0,1,no
29.0,technician,single,secondary,113,no,328.0,2,yes
40.0,technician,married,secondary,782,yes,224.0,2,no
33.0,entrepreneur,married,primary,82,yes,63.0,2,no
46.0,management,married,tertiary,1008,no,24.0,13,no
27.0,unknown,single,tertiary,6421,no,147.0,4,no
26.0,admin.,single,secondary,443,no,84.0,3,no
41.0,technician,married,secondary,351,yes,175.0,1,no
34.0,technician,married,tertiary,5060,yes,12.0,21,no
39.0,technician,single,tertiary,-41,no,40.0,15,no
27.0,services,single,secondary,-124,no,217.0,1,no
31.0,blue-collar,married,secondary,79,yes,235.0,11,no
44.0,unemployed,single,secondary,3945,no,255.0,1,no
55.0,retired,married,tertiary,197,no,256.0,1,no
51.0,blue-collar,divorced,primary,837,no,41.0,2,no
50.0,management,married,tertiary,-94,no,75.0,1,no
30.0,services,married,secondary,1743,yes,192.0,4,no
46.0,technician,married,secondary,57,no,796.0,1,yes
49.0,admin.,married,secondary,635,no,220.0,3,no
56.0,retired,married,secondary,-113,yes,614.0,2,no
47.0,admin.,divorced,secondary,225,no,1126.0,4,yes
30.0,admin.,married,secondary,124,no,161.0,2,no
36.0,entrepreneur,single,secondary,475,no,141.0,3,no
40.0,management,married,tertiary,-7,no,697.0,1,no
37.0,technician,single,secondary,375,no,223.0,2,no
42.0,admin.,divorced,secondary,936,no,931.0,1,yes
45.0,technician,married,secondary,1415,yes,483.0,1,no
34.0,unemployed,single,secondary,0,no,63.0,2,no
27.0,admin.,single,secondary,3638,no,271.0,5,no
30.0,blue-collar,married,secondary,-99,yes,144.0,5,no
32.0,technician,married,secondary,167,yes,79.0,3,no
46.0,housemaid,married,primary,19,yes,171.0,1,no
29.0,self-employed,married,tertiary,242,yes,73.0,4,no
53.0,unknown,married,unknown,13,no,69.0,1,no
32.0,technician,married,secondary,286,no,60.0,1,no
49.0,unemployed,married,secondary,769,yes,257.0,1,no
35.0,management,married,tertiary,93,no,198.0,2,no
38.0,blue-collar,married,secondary,1663,yes,217.0,3,no
39.0,entrepreneur,married,primary,238,yes,134.0,1,no
34.0,technician,single,secondary,2178,yes,41.0,1,no
42.0,blue-collar,married,primary,792,yes,611.0,2,no
35.0,blue-collar,single,unknown,871,yes,216.0,3,no
60.0,admin.,married,secondary,1025,no,388.0,8,no
57.0,technician,divorced,secondary,63,yes,242.0,1,no
31.0,blue-collar,single,secondary,16,no,387.0,1,no
29.0,management,single,secondary,417,no,90.0,1,no
41.0,services,married,secondary,3992,yes,281.0,2,no
46.0,blue-collar,married,primary,2749,yes,332.0,1,no
33.0,technician,married,secondary,133,no,218.0,1,yes
32.0,blue-collar,single,secondary,1721,yes,650.0,2,no
54.0,management,divorced,tertiary,2171,yes,1034.0,1,yes
37.0,services,married,secondary,4760,yes,182.0,2,no
32.0,technician,single,secondary,2979,no,156.0,1,no
43.0,management,married,tertiary,690,yes,171.0,3,no
50.0,blue-collar,divorced,secondary,203,yes,265.0,1,no
34.0,blue-collar,married,secondary,322,yes,10.0,3,no
31.0,admin.,divorced,secondary,1210,no,350.0,1,no
43.0,self-employed,married,secondary,634,yes,65.0,1,no
49.0,entrepreneur,married,secondary,273,no,58.0,1,no
22.0,student,single,unknown,47,no,69.0,3,no
35.0,management,married,tertiary,1100,no,127.0,2,no
56.0,admin.,married,secondary,0,yes,154.0,2,no
53.0,blue-collar,married,secondary,0,no,36.0,4,no
54.0,entrepreneur,married,tertiary,1544,no,85.0,7,no
32.0,services,single,unknown,6145,yes,362.0,1,no
41.0,self-employed,married,secondary,28,yes,49.0,1,no
40.0,blue-collar,married,secondary,1012,yes,410.0,1,no
33.0,blue-collar,married,primary,245,yes,253.0,3,no
33.0,management,single,tertiary,1998,no,570.0,1,no
34.0,blue-collar,married,secondary,3990,yes,633.0,7,no
36.0,services,married,secondary,1328,yes,82.0,4,no
34.0,entrepreneur,married,tertiary,412,yes,164.0,1,no
55.0,management,married,primary,229,no,175.0,3,no
28.0,student,single,tertiary,1562,no,659.0,4,yes
29.0,admin.,single,secondary,3432,yes,139.0,2,no
31.0,admin.,single,secondary,144,yes,43.0,11,no
52.0,management,married,tertiary,1339,yes,343.0,5,no
54.0,services,married,unknown,386,no,74.0,1,no
43.0,blue-collar,married,primary,7727,yes,302.0,8,no
55.0,entrepreneur,married,secondary,204,no,455.0,13,no
28.0,blue-collar,divorced,unknown,101,yes,126.0,4,no
45.0,unemployed,divorced,secondary,728,yes,107.0,1,no
45.0,entrepreneur,married,primary,2418,yes,120.0,1,no
51.0,management,married,tertiary,2934,yes,727.0,4,no
42.0,technician,single,secondary,0,yes,275.0,4,no
43.0,unknown,single,unknown,181,no,41.0,1,no
34.0,management,married,tertiary,176,no,61.0,4,no
36.0,blue-collar,married,primary,49,yes,232.0,2,no
37.0,blue-collar,married,secondary,2023,yes,214.0,1,no
50.0,blue-collar,married,secondary,372,yes,21.0,1,no
42.0,management,divorced,unknown,7702,no,138.0,2,yes
34.0,blue-collar,single,primary,464,yes,173.0,1,no
48.0,management,married,secondary,117,yes,635.0,1,no
47.0,admin.,married,secondary,104,yes,77.0,2,no
40.0,management,married,tertiary,1041,yes,73.0,1,no
37.0,management,married,tertiary,539,no,540.0,2,no
38.0,blue-collar,married,primary,0,yes,179.0,2,no
29.0,technician,single,tertiary,406,yes,119.0,1,no
46.0,blue-collar,married,primary,2558,yes,107.0,1,no
26.0,blue-collar,married,secondary,484,yes,48.0,2,no
30.0,services,single,tertiary,3516,yes,447.0,4,no
42.0,blue-collar,married,secondary,5639,yes,430.0,2,no
42.0,management,single,tertiary,100,no,64.0,2,no
31.0,admin.,single,secondary,1306,yes,217.0,5,no
37.0,management,single,tertiary,815,yes,77.0,1,no
26.0,blue-collar,married,secondary,245,yes,16.0,11,no
54.0,blue-collar,married,unknown,191,no,753.0,2,no
70.0,retired,married,secondary,2815,no,125.0,2,no
29.0,self-employed,single,secondary,3672,yes,1210.0,1,no
50.0,services,married,secondary,1572,yes,185.0,1,no
60.0,unemployed,divorced,secondary,385,yes,80.0,1,no
32.0,technician,single,secondary,29,no,156.0,2,no
32.0,technician,married,secondary,84,no,403.0,3,no
34.0,self-employed,single,tertiary,876,yes,145.0,2,no
48.0,services,single,primary,1499,yes,17.0,7,no
25.0,student,married,tertiary,0,yes,160.0,1,no
32.0,management,married,secondary,6217,yes,486.0,2,no
32.0,blue-collar,married,primary,329,yes,321.0,1,no
47.0,admin.,divorced,secondary,162,yes,203.0,4,no
32.0,technician,married,unknown,14533,no,646.0,3,no
49.0,management,single,tertiary,151,yes,97.0,3,yes
53.0,services,married,secondary,-2,yes,144.0,2,no
41.0,blue-collar,single,unknown,4684,no,30.0,6,no
47.0,management,divorced,tertiary,1149,no,82.0,2,no
35.0,blue-collar,married,primary,11,yes,326.0,4,no
33.0,management,single,secondary,8004,no,414.0,3,no
49.0,blue-collar,married,primary,1019,yes,285.0,5,no
46.0,management,divorced,tertiary,1297,no,716.0,3,yes
29.0,management,divorced,tertiary,415,yes,449.0,4,no
58.0,self-employed,married,primary,671,yes,16.0,3,no
40.0,admin.,single,secondary,2378,yes,65.0,1,no
34.0,management,married,tertiary,417,yes,138.0,1,no
60.0,retired,married,primary,71,no,121.0,3,no
43.0,management,married,tertiary,1188,no,140.0,2,no
50.0,blue-collar,married,primary,8139,yes,256.0,6,no
33.0,blue-collar,married,secondary,249,yes,61.0,4,no
37.0,blue-collar,married,primary,689,yes,367.0,2,no
55.0,self-employed,married,secondary,203,yes,9.0,5,no
45.0,blue-collar,single,primary,-183,no,395.0,4,no
47.0,blue-collar,married,primary,3451,no,125.0,2,no
58.0,technician,married,secondary,116,no,580.0,3,no
36.0,services,married,secondary,1746,yes,15.0,1,no
55.0,technician,married,secondary,0,yes,119.0,2,no
31.0,blue-collar,married,secondary,897,yes,26.0,2,no
38.0,technician,married,secondary,821,yes,224.0,2,no
42.0,blue-collar,married,secondary,130,yes,285.0,1,no
32.0,management,divorced,tertiary,1,yes,399.0,4,no
39.0,blue-collar,married,secondary,8,no,88.0,3,no
41.0,technician,married,secondary,55,yes,185.0,4,no
59.0,blue-collar,married,primary,699,no,98.0,1,no
42.0,unemployed,divorced,secondary,759,no,97.0,1,no
33.0,blue-collar,married,secondary,687,yes,72.0,2,no
53.0,retired,married,secondary,4968,no,109.0,1,no
43.0,blue-collar,married,primary,1211,yes,208.0,3,no
39.0,self-employed,single,tertiary,426,no,1029.0,1,yes
27.0,entrepreneur,single,secondary,376,yes,273.0,1,no
39.0,management,married,tertiary,12,yes,130.0,1,no
27.0,blue-collar,single,secondary,23,no,590.0,2,no
33.0,admin.,married,secondary,353,yes,107.0,2,no
29.0,services,divorced,secondary,330,yes,88.0,2,no
33.0,management,divorced,tertiary,0,no,305.0,2,no
41.0,entrepreneur,married,secondary,353,no,90.0,2,no
38.0,technician,single,tertiary,2273,yes,222.0,1,no
30.0,management,married,tertiary,0,yes,127.0,1,no
58.0,unemployed,married,tertiary,744,no,38.0,1,no
37.0,services,single,secondary,608,no,380.0,3,no
36.0,admin.,divorced,secondary,356,yes,244.0,3,no
45.0,blue-collar,married,primary,1291,yes,189.0,17,no
23.0,technician,single,secondary,-306,yes,217.0,2,no
53.0,blue-collar,married,primary,306,no,388.0,3,yes
44.0,blue-collar,married,primary,-312,yes,22.0,3,no
32.0,technician,single,secondary,493,no,289.0,2,no
32.0,management,married,tertiary,71,yes,221.0,8,no
38.0,admin.,married,tertiary,669,yes,129.0,2,no
47.0,blue-collar,married,primary,556,yes,147.0,2,no
34.0,services,single,secondary,84,yes,299.0,1,no
52.0,services,married,secondary,108,yes,543.0,12,no
45.0,admin.,single,secondary,-11,yes,247.0,1,no
50.0,blue-collar,married,primary,1164,yes,166.0,2,no
52.0,blue-collar,divorced,primary,-191,yes,755.0,1,yes
37.0,blue-collar,married,secondary,132,no,336.0,2,no
51.0,blue-collar,married,secondary,2237,yes,619.0,1,no
32.0,management,married,tertiary,4761,yes,159.0,2,no
33.0,blue-collar,married,secondary,-346,yes,29.0,3,no
28.0,unemployed,married,secondary,655,yes,606.0,2,no
66.0,management,married,tertiary,1048,yes,971.0,2,no
31.0,services,single,secondary,0,yes,231.0,2,no
35.0,blue-collar,married,primary,624,yes,163.0,1,no
47.0,services,single,unknown,1784,no,385.0,2,yes
36.0,admin.,single,secondary,1281,no,119.0,2,no
32.0,technician,single,tertiary,569,no,348.0,1,no
34.0,blue-collar,married,primary,1666,yes,30.0,1,no
40.0,admin.,married,secondary,168,yes,249.0,2,no
33.0,self-employed,married,tertiary,263,no,119.0,2,no
39.0,blue-collar,married,secondary,-405,yes,177.0,1,no
38.0,self-employed,married,secondary,279,yes,110.0,5,no
32.0,technician,single,secondary,0,no,594.0,4,yes
65.0,unknown,married,unknown,300,no,105.0,1,no
34.0,unemployed,single,tertiary,415,no,123.0,1,no
34.0,admin.,single,primary,0,yes,172.0,4,no
42.0,blue-collar,single,primary,1322,yes,178.0,1,no
31.0,services,married,secondary,1062,yes,230.0,1,no
47.0,technician,married,secondary,302,yes,89.0,3,no
44.0,technician,divorced,secondary,809,yes,118.0,4,no
38.0,housemaid,married,secondary,-278,yes,143.0,2,no
28.0,management,single,tertiary,3238,yes,7.0,1,no
46.0,admin.,single,secondary,751,yes,104.0,2,no
51.0,blue-collar,divorced,primary,-28,no,220.0,2,no
42.0,management,divorced,tertiary,0,no,85.0,2,no
37.0,technician,single,secondary,2442,no,91.0,3,yes
58.0,unemployed,married,tertiary,1798,yes,19.0,8,no
43.0,admin.,married,secondary,132,no,574.0,1,yes
36.0,management,single,tertiary,260,yes,49.0,1,no
34.0,blue-collar,married,secondary,7,yes,171.0,2,no
31.0,management,single,tertiary,3283,no,258.0,1,yes
49.0,technician,married,unknown,323,yes,41.0,2,no
54.0,management,married,tertiary,2960,yes,83.0,1,no
29.0,unemployed,single,secondary,486,no,95.0,1,no
51.0,retired,divorced,secondary,343,yes,78.0,2,no
40.0,unemployed,divorced,secondary,507,yes,134.0,1,no
35.0,management,single,tertiary,5958,yes,215.0,1,yes
25.0,student,single,secondary,304,no,226.0,2,yes
32.0,blue-collar,single,secondary,118,yes,1275.0,1,yes
30.0,self-employed,married,secondary,123,no,66.0,1,no
38.0,management,married,tertiary,76,yes,196.0,3,no
46.0,admin.,married,secondary,70,yes,229.0,2,yes
43.0,unemployed,married,primary,960,yes,241.0,2,no
32.0,technician,single,tertiary,2185,no,354.0,2,no
29.0,blue-collar,single,secondary,309,yes,471.0,3,no
56.0,blue-collar,married,secondary,2190,no,90.0,2,no
57.0,technician,married,primary,0,no,58.0,8,no
38.0,admin.,married,secondary,3732,yes,379.0,2,no
51.0,technician,married,primary,1550,no,12.0,5,no
35.0,admin.,single,tertiary,62,no,67.0,1,no
37.0,blue-collar,married,primary,704,no,165.0,7,no
48.0,management,married,secondary,4415,yes,1032.0,3,yes
30.0,blue-collar,single,secondary,4,yes,84.0,3,no
60.0,retired,married,secondary,262,no,393.0,4,no
56.0,management,married,secondary,238,yes,808.0,1,no
45.0,blue-collar,married,primary,97,yes,923.0,3,no
38.0,technician,divorced,secondary,410,no,63.0,6,no
20.0,student,single,secondary,1191,no,274.0,1,no
59.0,retired,married,primary,-47,yes,84.0,4,no
34.0,technician,married,tertiary,197,no,78.0,3,yes
36.0,blue-collar,married,unknown,6,no,41.0,7,no
53.0,admin.,single,secondary,2398,yes,317.0,1,yes
51.0,management,married,tertiary,630,yes,138.0,1,no
58.0,retired,married,secondary,235,no,88.0,4,no
48.0,management,married,primary,1910,yes,413.0,2,no
56.0,management,married,tertiary,3172,yes,139.0,1,no
51.0,blue-collar,married,primary,872,no,82.0,2,no
35.0,blue-collar,married,secondary,407,yes,12.0,6,no
40.0,admin.,single,secondary,100,yes,221.0,1,yes
59.0,housemaid,married,secondary,345,no,38.0,1,no
44.0,management,divorced,tertiary,2058,no,661.0,1,no
49.0,housemaid,married,primary,889,no,388.0,1,yes
35.0,admin.,married,tertiary,0,yes,151.0,7,no
41.0,management,married,tertiary,51,no,140.0,8,no
55.0,retired,married,primary,150,no,124.0,1,no
51.0,self-employed,married,secondary,34,no,200.0,1,no
27.0,services,single,secondary,795,no,101.0,3,no
57.0,blue-collar,married,primary,282,no,261.0,12,no
51.0,management,single,tertiary,2139,no,176.0,2,no
38.0,management,married,tertiary,-469,yes,209.0,12,no
49.0,admin.,married,secondary,197,yes,223.0,1,yes
40.0,technician,single,tertiary,825,yes,38.0,1,no
47.0,housemaid,single,tertiary,3232,no,541.0,1,no
48.0,management,divorced,secondary,1598,yes,84.0,1,no
47.0,services,married,tertiary,871,no,602.0,9,no
56.0,services,married,secondary,83,no,26.0,11,no
29.0,management,single,tertiary,1445,no,328.0,2,yes
38.0,technician,married,secondary,226,yes,762.0,3,yes
32.0,management,married,tertiary,-55,yes,107.0,4,no
42.0,admin.,single,secondary,243,yes,46.0,5,no
30.0,blue-collar,married,primary,-336,no,128.0,6,no
26.0,admin.,single,tertiary,3672,yes,360.0,5,no
35.0,technician,married,secondary,0,yes,524.0,1,yes
35.0,technician,married,secondary,251,yes,128.0,3,no
35.0,self-employed,single,tertiary,44,no,310.0,2,no
57.0,blue-collar,married,secondary,2887,no,819.0,10,yes
29.0,admin.,single,secondary,1992,no,202.0,1,no
32.0,blue-collar,single,secondary,2,no,144.0,2,no
45.0,technician,married,secondary,1415,yes,311.0,1,no
51.0,management,single,tertiary,297,yes,415.0,4,yes
31.0,technician,single,secondary,1094,yes,93.0,8,no
50.0,self-employed,married,unknown,-84,yes,101.0,1,no
38.0,blue-collar,single,secondary,-1,yes,72.0,1,no
37.0,management,married,tertiary,347,yes,282.0,1,no
35.0,management,married,tertiary,1253,yes,210.0,2,no
37.0,unemployed,married,unknown,4565,no,369.0,1,no
28.0,management,single,tertiary,781,no,125.0,6,no
43.0,management,married,secondary,17555,no,14.0,14,no
43.0,management,married,unknown,5172,yes,57.0,3,no
56.0,management,married,tertiary,15520,no,420.0,1,no
32.0,technician,single,tertiary,13711,yes,638.0,1,no
58.0,management,divorced,tertiary,1533,no,137.0,2,no
47.0,management,married,tertiary,286,no,557.0,7,no
31.0,blue-collar,single,secondary,-219,yes,66.0,2,no
38.0,management,married,tertiary,0,yes,206.0,1,no
50.0,blue-collar,married,secondary,810,yes,19.0,14,no
32.0,blue-collar,married,secondary,300,no,166.0,2,no
37.0,services,single,secondary,1175,yes,102.0,1,no
39.0,management,married,tertiary,0,yes,46.0,2,no
40.0,services,married,secondary,113,yes,126.0,1,no
41.0,blue-collar,married,secondary,641,yes,161.0,1,no
45.0,technician,married,secondary,1477,yes,355.0,1,no
31.0,admin.,married,secondary,0,yes,40.0,2,no
54.0,services,married,primary,8,yes,143.0,1,no
39.0,admin.,divorced,secondary,399,yes,133.0,2,no
56.0,admin.,divorced,secondary,-435,yes,185.0,2,no
35.0,admin.,single,secondary,2830,no,22.0,12,no
34.0,management,married,secondary,15,no,184.0,7,no
31.0,technician,single,secondary,125,no,78.0,2,no
38.0,technician,married,tertiary,45,no,125.0,4,no
41.0,technician,married,tertiary,13,no,189.0,2,no
44.0,entrepreneur,married,tertiary,0,yes,300.0,1,no
49.0,blue-collar,married,secondary,579,yes,396.0,1,no
30.0,services,single,secondary,432,yes,340.0,3,no
31.0,services,single,secondary,1987,yes,55.0,2,no
34.0,management,married,secondary,857,yes,238.0,6,no
70.0,retired,married,tertiary,15834,no,172.0,3,no
45.0,management,married,tertiary,3370,no,36.0,3,no
31.0,management,married,tertiary,6290,no,303.0,2,no
57.0,admin.,married,secondary,808,no,417.0,3,no
40.0,services,married,unknown,4075,yes,162.0,3,no
28.0,blue-collar,married,secondary,373,yes,10.0,9,no
44.0,admin.,single,secondary,-101,yes,99.0,1,no
49.0,services,divorced,secondary,3250,no,32.0,3,no
46.0,management,married,tertiary,1375,yes,308.0,3,no
34.0,management,married,tertiary,180,no,298.0,3,no
58.0,technician,married,secondary,175,no,92.0,4,no
52.0,services,married,secondary,381,no,288.0,12,no
27.0,blue-collar,married,secondary,2171,yes,130.0,1,no
48.0,technician,married,secondary,340,yes,255.0,2,no
33.0,technician,divorced,secondary,10,yes,167.0,5,no
46.0,admin.,married,secondary,4958,yes,64.0,3,no
51.0,housemaid,married,unknown,21244,no,166.0,2,no
31.0,management,married,tertiary,156,no,657.0,7,yes
35.0,technician,divorced,secondary,473,yes,434.0,4,no
37.0,admin.,single,secondary,781,no,75.0,1,no
60.0,entrepreneur,married,primary,0,no,40.0,1,no
40.0,technician,married,secondary,1819,no,398.0,2,no
50.0,management,married,tertiary,4374,yes,163.0,2,no
34.0,entrepreneur,married,secondary,456,yes,137.0,8,no
32.0,technician,married,secondary,253,yes,257.0,3,no
36.0,services,single,secondary,774,yes,231.0,2,no
32.0,admin.,single,tertiary,-59,no,192.0,1,no
40.0,services,divorced,secondary,-81,no,186.0,1,no
37.0,blue-collar,married,primary,0,yes,226.0,1,no
57.0,management,married,tertiary,0,yes,67.0,1,no
46.0,management,married,tertiary,-3,no,205.0,2,no
31.0,blue-collar,single,primary,2488,yes,14.0,1,no
39.0,technician,divorced,tertiary,3,no,488.0,1,yes
35.0,management,married,secondary,839,yes,50.0,3,no
32.0,blue-collar,married,primary,103,no,312.0,1,no
44.0,technician,divorced,secondary,316,yes,163.0,3,no
41.0,technician,single,secondary,1680,yes,76.0,2,no
59.0,retired,divorced,primary,7179,no,150.0,1,no
39.0,services,married,secondary,247,yes,244.0,2,no
54.0,management,married,tertiary,8295,no,207.0,1,yes
27.0,services,single,secondary,261,yes,113.0,1,no
51.0,self-employed,married,secondary,95,yes,1309.0,4,yes
33.0,technician,single,secondary,291,no,72.0,6,no
38.0,blue-collar,married,primary,2240,yes,551.0,1,no
52.0,entrepreneur,married,tertiary,0,no,163.0,3,no
54.0,management,divorced,tertiary,1295,yes,179.0,10,no
33.0,blue-collar,married,primary,324,yes,217.0,2,no
50.0,technician,married,secondary,669,yes,88.0,1,no
39.0,blue-collar,single,secondary,4143,yes,21.0,1,no
34.0,management,single,tertiary,2646,no,142.0,1,yes
41.0,technician,single,secondary,618,no,1056.0,1,no
48.0,management,divorced,tertiary,541,yes,72.0,1,no
38.0,services,married,secondary,434,yes,411.0,1,no
34.0,blue-collar,married,secondary,622,yes,145.0,1,no
32.0,blue-collar,married,secondary,0,yes,80.0,2,no
48.0,management,married,secondary,99,yes,344.0,1,no
28.0,services,single,secondary,290,yes,128.0,1,no
47.0,blue-collar,married,secondary,1230,yes,412.0,1,yes
32.0,admin.,single,secondary,45,yes,908.0,3,no
32.0,admin.,married,secondary,923,yes,819.0,4,no
38.0,management,married,tertiary,950,no,210.0,2,no
86.0,retired,married,secondary,1503,no,165.0,3,no
47.0,technician,married,secondary,65,no,118.0,8,no
42.0,management,married,primary,-679,yes,159.0,1,no
44.0,management,married,tertiary,773,no,618.0,1,no
25.0,student,single,unknown,10788,no,102.0,2,no
34.0,services,divorced,secondary,991,yes,89.0,1,no
34.0,admin.,married,secondary,247,no,401.0,2,yes
53.0,blue-collar,married,primary,4143,no,200.0,3,no
42.0,blue-collar,married,unknown,-406,yes,152.0,5,no
30.0,blue-collar,single,secondary,180,no,203.0,1,no
26.0,blue-collar,single,primary,-887,yes,827.0,2,yes
40.0,services,married,secondary,4157,yes,735.0,1,no
34.0,technician,single,secondary,1386,yes,185.0,6,no
34.0,services,married,secondary,2211,no,149.0,1,no
40.0,management,married,tertiary,-495,no,303.0,2,no
36.0,management,married,tertiary,27359,yes,71.0,2,no
34.0,technician,single,secondary,440,yes,445.0,2,no
32.0,blue-collar,single,secondary,135,yes,232.0,2,no
39.0,technician,married,secondary,-735,yes,144.0,5,no
36.0,technician,married,tertiary,60,no,209.0,2,no
39.0,technician,divorced,secondary,902,yes,691.0,2,yes
33.0,management,married,unknown,18347,yes,415.0,1,no
34.0,blue-collar,single,secondary,-72,yes,273.0,5,no
42.0,management,married,tertiary,1205,no,376.0,2,yes
46.0,technician,married,secondary,499,yes,37.0,10,no
32.0,management,single,tertiary,656,yes,148.0,2,no
27.0,services,married,secondary,100,no,57.0,2,no
35.0,technician,divorced,secondary,69,yes,461.0,3,no
53.0,technician,married,unknown,619,no,198.0,6,no
29.0,services,single,secondary,192,no,327.0,4,no
35.0,management,single,tertiary,0,no,669.0,6,no
49.0,management,married,tertiary,87,no,165.0,1,no
58.0,management,married,tertiary,3228,no,58.0,2,no
40.0,management,single,tertiary,1361,no,1473.0,1,yes
19.0,student,single,unknown,0,no,123.0,3,no
30.0,student,single,tertiary,34,yes,289.0,1,no
34.0,technician,single,secondary,318,no,239.0,5,no
60.0,retired,married,secondary,197,no,1386.0,1,no
28.0,student,single,tertiary,0,no,294.0,2,yes
46.0,management,married,tertiary,273,yes,910.0,2,yes
49.0,blue-collar,divorced,primary,15,yes,550.0,7,no
59.0,management,divorced,tertiary,7813,yes,75.0,1,no
44.0,technician,single,secondary,-27,yes,100.0,3,no
33.0,technician,married,tertiary,75,no,204.0,4,no
54.0,retired,married,secondary,1139,yes,155.0,1,no
26.0,blue-collar,married,secondary,115,yes,46.0,3,no
54.0,blue-collar,married,secondary,0,no,1366.0,1,no
48.0,housemaid,married,primary,7195,no,609.0,2,yes
30.0,services,single,tertiary,-477,no,1532.0,2,yes
29.0,management,single,tertiary,1026,no,226.0,1,yes
51.0,entrepreneur,married,tertiary,3921,yes,168.0,1,no
53.0,unemployed,married,primary,980,yes,352.0,1,yes
43.0,blue-collar,married,secondary,-179,yes,335.0,6,no
34.0,admin.,married,tertiary,2552,yes,74.0,1,no
40.0,entrepreneur,married,tertiary,1729,yes,85.0,1,no
43.0,technician,married,secondary,434,yes,117.0,1,no
33.0,admin.,single,secondary,-300,yes,184.0,1,no
66.0,retired,married,secondary,4785,no,72.0,3,no
44.0,technician,divorced,secondary,-329,yes,171.0,1,no
33.0,services,married,secondary,0,yes,44.0,8,no
31.0,technician,single,secondary,391,no,336.0,2,no
71.0,retired,married,primary,4657,no,93.0,5,yes
22.0,student,single,primary,3472,no,332.0,1,yes
46.0,unemployed,single,tertiary,705,no,398.0,1,no
32.0,services,married,secondary,255,yes,86.0,2,no
45.0,blue-collar,married,secondary,4365,no,45.0,2,no
32.0,management,married,secondary,350,yes,110.0,2,no
49.0,blue-collar,married,primary,474,yes,152.0,3,no
27.0,technician,single,secondary,489,yes,356.0,4,yes
46.0,entrepreneur,married,secondary,757,no,382.0,3,no
37.0,management,single,tertiary,695,no,233.0,1,no
30.0,unemployed,single,secondary,-770,yes,87.0,1,no
44.0,self-employed,divorced,secondary,80,yes,387.0,2,no
45.0,technician,married,secondary,315,yes,103.0,1,no
27.0,student,single,secondary,213,no,378.0,1,yes
57.0,housemaid,married,primary,0,no,257.0,2,no
66.0,management,married,tertiary,2169,no,282.0,1,no
40.0,admin.,divorced,secondary,212,no,176.0,1,no
48.0,blue-collar,married,secondary,333,yes,24.0,6,no
33.0,blue-collar,single,secondary,4404,yes,766.0,3,no
42.0,services,divorced,secondary,257,yes,955.0,2,yes
47.0,unemployed,married,secondary,3188,yes,426.0,3,no
27.0,technician,single,tertiary,3083,yes,244.0,2,no
78.0,retired,married,tertiary,226,no,136.0,1,no
50.0,services,married,primary,1260,no,172.0,1,no
46.0,entrepreneur,single,tertiary,1410,yes,93.0,1,no
41.0,admin.,divorced,secondary,6046,yes,300.0,6,yes
36.0,admin.,single,tertiary,980,no,118.0,4,no
49.0,retired,married,primary,-37,no,191.0,2,no
46.0,management,divorced,tertiary,-154,yes,107.0,2,no
77.0,retired,married,primary,680,no,513.0,2,no
30.0,technician,single,tertiary,799,yes,91.0,18,no
43.0,management,single,secondary,-1164,yes,76.0,4,no
44.0,blue-collar,married,secondary,2523,yes,1236.0,2,no
40.0,blue-collar,married,primary,98,yes,193.0,5,no
38.0,blue-collar,married,primary,3419,yes,324.0,5,no
25.0,unemployed,single,tertiary,343,no,377.0,1,yes
49.0,management,married,tertiary,852,yes,408.0,1,no
33.0,blue-collar,married,primary,50,yes,246.0,2,no
40.0,management,single,tertiary,0,no,58.0,7,no
44.0,blue-collar,married,primary,10,yes,196.0,1,no
32.0,blue-collar,married,secondary,950,yes,219.0,4,no
52.0,management,married,tertiary,0,yes,197.0,1,no
35.0,management,married,tertiary,175,yes,257.0,2,no
35.0,technician,married,secondary,-259,yes,381.0,1,no
32.0,management,married,secondary,6217,yes,486.0,2,no
42.0,technician,married,secondary,-1310,yes,162.0,1,no
59.0,blue-collar,married,unknown,139,no,153.0,1,no
44.0,technician,single,secondary,7138,no,809.0,2,yes
50.0,admin.,divorced,secondary,1111,yes,50.0,1,no
27.0,blue-collar,single,secondary,113,no,39.0,17,no
55.0,management,divorced,tertiary,-612,no,131.0,2,no
54.0,blue-collar,married,unknown,310,yes,526.0,4,no
31.0,unemployed,single,secondary,-186,yes,172.0,3,no
56.0,admin.,married,unknown,2038,no,405.0,1,no
51.0,self-employed,married,tertiary,833,no,77.0,3,no
61.0,blue-collar,married,primary,625,yes,158.0,2,no
34.0,technician,single,secondary,105,yes,146.0,2,no
56.0,blue-collar,married,primary,551,no,27.0,1,no
29.0,student,single,unknown,145,no,105.0,1,no
34.0,management,single,tertiary,618,yes,119.0,4,no
35.0,services,single,secondary,1063,yes,327.0,1,no
56.0,admin.,divorced,secondary,985,no,150.0,2,no
45.0,blue-collar,married,secondary,2926,yes,482.0,3,no
31.0,admin.,single,secondary,-449,yes,81.0,2,no
37.0,entrepreneur,divorced,tertiary,66,no,1164.0,2,yes
43.0,admin.,married,secondary,0,yes,674.0,3,no
40.0,management,married,unknown,419,yes,347.0,1,no
44.0,management,married,primary,4758,yes,712.0,6,yes
38.0,admin.,single,secondary,-23,no,48.0,2,no
58.0,management,divorced,tertiary,1573,yes,279.0,1,no
24.0,blue-collar,single,secondary,77,yes,236.0,2,no
53.0,services,married,secondary,1378,yes,91.0,2,no
36.0,blue-collar,married,secondary,-73,yes,15.0,8,no
28.0,blue-collar,married,primary,60,yes,161.0,1,no
45.0,blue-collar,married,primary,137,yes,187.0,19,no
32.0,admin.,single,tertiary,1583,yes,100.0,1,no
46.0,admin.,married,secondary,-121,yes,214.0,4,no
28.0,blue-collar,single,secondary,1065,yes,406.0,1,no
51.0,unemployed,married,secondary,-13,yes,361.0,1,no
51.0,blue-collar,married,primary,1869,no,30.0,3,no
30.0,technician,single,secondary,4787,yes,99.0,2,no
39.0,technician,married,secondary,-183,yes,202.0,2,no
28.0,blue-collar,married,primary,702,yes,318.0,2,no
31.0,management,single,tertiary,1494,no,275.0,12,no
31.0,blue-collar,married,primary,0,yes,59.0,4,no
38.0,management,married,tertiary,46,no,70.0,4,no
31.0,blue-collar,single,secondary,609,yes,1126.0,1,no
74.0,retired,divorced,secondary,4079,no,343.0,3,yes
40.0,management,single,tertiary,0,yes,228.0,2,yes
43.0,technician,married,secondary,7876,yes,209.0,2,no
34.0,technician,single,tertiary,925,yes,709.0,1,yes
54.0,management,divorced,tertiary,7010,no,275.0,2,no
51.0,blue-collar,married,primary,42,yes,51.0,2,no
33.0,blue-collar,married,secondary,285,no,267.0,1,no
41.0,technician,married,tertiary,0,no,95.0,1,no
33.0,management,single,tertiary,3170,no,246.0,2,no
48.0,admin.,married,secondary,8,no,46.0,1,no
42.0,self-employed,divorced,tertiary,216,yes,144.0,3,no
35.0,management,single,tertiary,2975,no,249.0,2,no
25.0,admin.,married,secondary,894,yes,328.0,1,no
38.0,blue-collar,single,primary,490,yes,17.0,1,no
45.0,entrepreneur,married,secondary,245,yes,126.0,3,no
59.0,management,divorced,tertiary,0,yes,52.0,8,no
47.0,management,married,unknown,150,no,52.0,1,no
33.0,management,married,tertiary,4,yes,285.0,5,no
59.0,management,married,primary,1727,no,500.0,4,yes
41.0,blue-collar,divorced,primary,664,no,955.0,5,yes
42.0,technician,married,secondary,473,yes,216.0,5,no
51.0,technician,divorced,tertiary,0,no,84.0,7,no
45.0,management,married,tertiary,-192,yes,138.0,3,no
30.0,management,married,tertiary,1942,yes,436.0,2,yes
33.0,blue-collar,single,secondary,5137,yes,123.0,1,no
43.0,management,married,tertiary,13044,no,36.0,4,no
37.0,blue-collar,married,secondary,1053,no,405.0,3,no
73.0,retired,married,primary,154,no,103.0,1,no
43.0,blue-collar,married,secondary,625,yes,175.0,1,no
52.0,unemployed,married,primary,255,no,374.0,3,no
44.0,management,married,tertiary,529,yes,129.0,4,no
56.0,management,married,tertiary,318,no,246.0,3,no
21.0,services,single,secondary,1903,yes,107.0,2,no
43.0,unknown,married,tertiary,1937,no,385.0,1,no
54.0,management,married,primary,3859,no,104.0,3,no
59.0,technician,married,primary,4198,no,309.0,1,yes
52.0,blue-collar,married,primary,230,yes,198.0,2,no
31.0,admin.,single,secondary,747,yes,543.0,2,yes
53.0,admin.,married,secondary,263,no,143.0,7,no
24.0,technician,single,secondary,-46,yes,23.0,1,no
57.0,retired,married,secondary,0,no,104.0,2,no
48.0,technician,married,secondary,568,yes,378.0,2,yes
57.0,technician,married,secondary,1469,yes,364.0,1,no
51.0,technician,married,secondary,18,no,363.0,6,no
50.0,management,divorced,tertiary,201,yes,248.0,1,no
34.0,blue-collar,married,secondary,1412,yes,157.0,2,no
43.0,blue-collar,married,primary,-93,yes,402.0,2,no
31.0,services,married,secondary,-331,yes,203.0,5,no
29.0,blue-collar,married,unknown,486,yes,422.0,1,no
39.0,blue-collar,married,primary,694,yes,44.0,1,no
36.0,management,single,tertiary,2806,yes,358.0,4,no
38.0,unemployed,single,tertiary,0,no,39.0,2,no
56.0,management,divorced,tertiary,2959,yes,325.0,1,no
41.0,housemaid,divorced,primary,22,yes,238.0,3,no
47.0,technician,married,secondary,1167,yes,968.0,1,yes
38.0,management,single,tertiary,35,yes,156.0,1,no
80.0,retired,married,secondary,8304,no,681.0,1,no
37.0,services,married,secondary,4760,yes,187.0,2,no
44.0,management,single,tertiary,-1313,yes,104.0,10,no
33.0,blue-collar,single,secondary,697,no,860.0,2,yes
53.0,technician,married,secondary,230,no,112.0,2,no
69.0,retired,married,tertiary,473,no,112.0,1,no
46.0,technician,married,secondary,1427,yes,32.0,3,no
30.0,management,single,tertiary,201,yes,325.0,2,yes
31.0,self-employed,single,secondary,1086,no,410.0,1,no
38.0,management,divorced,tertiary,4335,yes,640.0,1,no
34.0,services,divorced,secondary,44,no,118.0,1,no
48.0,unknown,married,unknown,286,no,166.0,2,no
46.0,blue-collar,divorced,primary,216,no,173.0,1,no
42.0,admin.,married,secondary,214,yes,21.0,24,no
41.0,blue-collar,married,secondary,343,yes,89.0,7,no
33.0,blue-collar,married,secondary,-77,yes,151.0,3,no
39.0,blue-collar,married,primary,1046,no,112.0,4,no
27.0,student,single,secondary,1566,no,164.0,5,no
26.0,management,single,tertiary,592,no,145.0,2,no
38.0,management,single,tertiary,104,yes,606.0,3,yes
48.0,blue-collar,married,secondary,0,yes,105.0,1,no
54.0,services,married,secondary,-22,no,85.0,1,no
51.0,services,married,secondary,0,no,439.0,3,no
47.0,technician,married,secondary,72,no,278.0,1,no
53.0,technician,married,secondary,100,no,205.0,4,no
35.0,blue-collar,married,primary,319,yes,221.0,1,no
58.0,management,married,tertiary,9339,yes,52.0,3,no
52.0,management,divorced,tertiary,50,yes,84.0,3,no
57.0,retired,married,secondary,32,yes,476.0,3,no
52.0,management,married,tertiary,6922,no,371.0,1,no
35.0,management,single,tertiary,633,yes,128.0,3,no
48.0,technician,married,secondary,4265,yes,220.0,2,no
46.0,entrepreneur,married,tertiary,2262,no,44.0,14,no
39.0,services,married,secondary,1970,yes,30.0,1,no
38.0,self-employed,divorced,tertiary,1513,no,330.0,1,no
34.0,entrepreneur,married,secondary,4659,yes,28.0,1,no
47.0,entrepreneur,married,primary,668,no,908.0,1,no
35.0,management,divorced,tertiary,649,no,177.0,1,no
46.0,blue-collar,divorced,primary,452,yes,113.0,4,no
27.0,admin.,single,secondary,-145,yes,289.0,8,no
31.0,blue-collar,married,secondary,-498,yes,357.0,1,no
31.0,management,single,tertiary,0,no,38.0,16,no
46.0,admin.,married,secondary,22,yes,414.0,4,no
31.0,admin.,married,secondary,2304,yes,257.0,2,no
33.0,management,married,tertiary,1412,yes,480.0,1,yes
42.0,housemaid,married,primary,145,no,252.0,2,no
33.0,management,single,primary,4897,yes,151.0,1,no
40.0,housemaid,married,primary,1832,no,213.0,4,no
51.0,blue-collar,married,primary,3726,no,119.0,12,no
31.0,unemployed,married,tertiary,591,no,161.0,2,no
62.0,retired,divorced,tertiary,0,no,227.0,2,yes
24.0,student,single,secondary,508,yes,12.0,3,no
48.0,unemployed,married,secondary,817,no,517.0,1,yes
41.0,technician,divorced,secondary,348,yes,225.0,2,no
43.0,management,married,tertiary,291,yes,150.0,2,no
52.0,technician,married,secondary,3554,no,89.0,1,no
54.0,blue-collar,married,primary,781,yes,103.0,2,no
32.0,technician,divorced,tertiary,267,no,128.0,1,no
38.0,blue-collar,married,primary,1327,yes,277.0,1,no
41.0,admin.,married,primary,-306,yes,500.0,1,yes
31.0,blue-collar,single,primary,864,yes,113.0,2,no
35.0,housemaid,married,tertiary,1265,yes,326.0,5,yes
26.0,admin.,married,secondary,0,no,755.0,1,no
52.0,technician,married,tertiary,214,no,161.0,3,no
58.0,retired,married,secondary,425,yes,100.0,1,no
57.0,housemaid,married,tertiary,3,no,142.0,2,no
34.0,management,married,tertiary,0,yes,214.0,2,no
59.0,blue-collar,married,primary,0,no,167.0,2,no
27.0,technician,single,secondary,282,no,676.0,5,no
42.0,entrepreneur,married,tertiary,0,no,236.0,1,no
47.0,housemaid,single,tertiary,3727,no,993.0,6,yes
33.0,blue-collar,married,secondary,0,yes,83.0,12,no
31.0,services,single,secondary,864,yes,100.0,1,no
37.0,management,married,tertiary,4089,yes,289.0,2,yes
29.0,blue-collar,married,secondary,-478,no,528.0,2,no
38.0,unemployed,married,primary,-363,no,340.0,2,no
35.0,self-employed,married,secondary,8883,no,33.0,3,no
31.0,technician,single,secondary,1970,no,284.0,3,no
62.0,management,married,tertiary,1859,no,245.0,3,yes
32.0,technician,single,tertiary,1059,yes,115.0,1,no
31.0,services,married,secondary,388,yes,730.0,2,no
51.0,blue-collar,divorced,primary,602,yes,347.0,1,no
29.0,services,single,secondary,0,no,58.0,1,no
43.0,blue-collar,married,primary,255,yes,180.0,1,no
36.0,blue-collar,married,secondary,63,yes,56.0,8,no
34.0,self-employed,married,primary,712,yes,326.0,3,no
29.0,services,married,secondary,57,yes,342.0,9,no
57.0,retired,married,secondary,523,no,49.0,6,no
43.0,management,married,tertiary,422,no,110.0,1,no
33.0,services,married,secondary,386,no,253.0,1,yes
60.0,management,married,tertiary,3387,no,636.0,2,no
51.0,technician,married,primary,260,no,137.0,2,no
40.0,admin.,single,secondary,-1,no,173.0,1,no
51.0,technician,married,secondary,1490,yes,227.0,2,no
38.0,services,married,secondary,497,yes,88.0,5,no
35.0,technician,married,secondary,1707,yes,426.0,3,no
47.0,technician,married,secondary,826,yes,195.0,3,no
45.0,blue-collar,married,primary,907,no,230.0,8,no
40.0,services,married,secondary,1836,yes,750.0,2,yes
29.0,entrepreneur,single,secondary,404,no,413.0,3,no
52.0,management,divorced,tertiary,907,yes,104.0,2,no
26.0,technician,married,secondary,18,yes,138.0,1,no
31.0,blue-collar,single,primary,-495,yes,334.0,2,no
55.0,services,married,unknown,1210,yes,868.0,1,no
35.0,services,married,secondary,819,yes,102.0,14,no
56.0,management,divorced,tertiary,442,no,77.0,3,no
28.0,blue-collar,single,secondary,-46,yes,199.0,1,yes
27.0,student,single,secondary,671,yes,332.0,2,no
30.0,technician,married,secondary,371,no,124.0,2,no
33.0,management,married,secondary,11,yes,104.0,3,no
32.0,blue-collar,single,secondary,33,yes,125.0,1,no
43.0,entrepreneur,married,secondary,104,yes,635.0,3,yes
46.0,blue-collar,married,primary,174,no,90.0,1,no
32.0,management,married,tertiary,3107,yes,310.0,1,no
40.0,services,married,secondary,1438,yes,207.0,1,no
39.0,blue-collar,married,secondary,1367,no,43.0,1,no
51.0,blue-collar,married,primary,-11,no,126.0,4,no
46.0,admin.,single,secondary,1693,yes,137.0,1,no
43.0,blue-collar,married,primary,778,yes,284.0,5,no
36.0,technician,married,tertiary,837,no,68.0,6,no
48.0,management,married,tertiary,363,no,67.0,1,no
26.0,admin.,single,secondary,236,yes,8.0,2,no
39.0,admin.,single,unknown,0,yes,62.0,1,no
23.0,entrepreneur,single,primary,4,yes,395.0,2,yes
54.0,management,divorced,tertiary,26306,yes,27.0,1,no
38.0,admin.,married,secondary,46,yes,195.0,1,no
33.0,technician,married,secondary,575,no,254.0,2,no
35.0,admin.,divorced,secondary,148,no,199.0,1,no
52.0,services,married,secondary,431,no,73.0,17,no
25.0,technician,single,tertiary,777,yes,351.0,1,no
29.0,management,married,tertiary,199,yes,1689.0,4,yes
35.0,technician,single,tertiary,3552,no,267.0,1,no
49.0,services,married,secondary,47,no,234.0,2,no
41.0,admin.,divorced,secondary,3823,no,234.0,10,no
32.0,management,married,tertiary,138,no,94.0,4,no
29.0,admin.,single,secondary,1117,yes,77.0,2,no
28.0,blue-collar,married,secondary,1325,yes,242.0,1,no
59.0,retired,married,secondary,0,no,247.0,4,no
34.0,entrepreneur,married,tertiary,4343,no,85.0,4,no
55.0,management,divorced,tertiary,1598,no,607.0,4,no
34.0,management,married,tertiary,3301,yes,485.0,2,yes
24.0,student,single,secondary,822,no,184.0,1,yes
42.0,technician,divorced,secondary,-280,yes,258.0,1,no
34.0,management,single,unknown,1534,yes,156.0,1,no
34.0,admin.,married,secondary,1671,no,160.0,1,no
51.0,self-employed,married,tertiary,2007,no,1021.0,1,no
58.0,blue-collar,married,primary,0,yes,5.0,25,no
44.0,technician,married,secondary,2776,yes,701.0,1,yes
33.0,blue-collar,married,secondary,139,yes,732.0,2,yes
34.0,management,married,tertiary,573,no,122.0,1,no
34.0,admin.,married,secondary,475,yes,559.0,1,no
42.0,blue-collar,divorced,secondary,47,yes,141.0,1,no
46.0,management,single,tertiary,2154,yes,87.0,4,no
31.0,self-employed,single,tertiary,96,no,577.0,1,no
39.0,entrepreneur,married,tertiary,83,yes,193.0,2,no
34.0,management,single,tertiary,6766,no,210.0,5,no
47.0,technician,married,secondary,3973,no,732.0,2,no
42.0,services,divorced,secondary,372,yes,121.0,2,no
48.0,blue-collar,single,secondary,-552,no,150.0,2,no
30.0,self-employed,single,tertiary,48,no,140.0,1,no
38.0,technician,married,secondary,7696,yes,386.0,2,no
24.0,services,married,secondary,4500,yes,733.0,2,yes
34.0,technician,married,secondary,1,yes,108.0,1,no
46.0,management,single,tertiary,46,no,80.0,1,no
32.0,admin.,divorced,secondary,-18,yes,155.0,3,no
46.0,services,married,secondary,451,yes,389.0,4,no
26.0,self-employed,married,tertiary,479,yes,133.0,3,no
42.0,blue-collar,married,secondary,0,yes,328.0,6,no
50.0,technician,married,secondary,1130,yes,119.0,2,no
41.0,blue-collar,married,primary,389,yes,87.0,6,no
34.0,admin.,single,secondary,10,no,162.0,1,no
58.0,housemaid,single,tertiary,145,yes,128.0,2,no
45.0,technician,married,secondary,115,yes,108.0,1,no
28.0,admin.,single,secondary,89,yes,172.0,2,no
35.0,technician,married,secondary,94,yes,208.0,5,no
39.0,services,married,secondary,1438,yes,212.0,2,no
49.0,unemployed,divorced,tertiary,780,no,148.0,1,no
50.0,management,married,tertiary,207,yes,99.0,1,no
37.0,management,married,tertiary,238,no,185.0,1,yes
45.0,blue-collar,married,primary,2433,no,133.0,2,no
30.0,housemaid,single,secondary,1924,no,170.0,1,no
48.0,unemployed,married,tertiary,-471,yes,668.0,7,no
36.0,management,single,tertiary,1531,yes,81.0,3,no
41.0,management,single,secondary,764,no,230.0,2,no
55.0,blue-collar,married,secondary,383,no,287.0,1,no
70.0,retired,married,primary,3782,no,618.0,1,no
41.0,management,married,tertiary,326,yes,788.0,1,yes
47.0,services,divorced,secondary,691,no,285.0,6,no
34.0,technician,single,secondary,0,no,163.0,2,no
33.0,management,single,tertiary,99,no,159.0,1,no
58.0,retired,married,secondary,502,yes,197.0,2,no
51.0,management,married,tertiary,-15,no,212.0,2,no
45.0,management,married,tertiary,1929,yes,44.0,15,no
55.0,admin.,married,secondary,0,no,180.0,2,no
30.0,blue-collar,single,primary,185,no,11.0,1,no
33.0,management,single,secondary,-424,yes,863.0,1,no
27.0,services,single,secondary,0,yes,388.0,7,no
59.0,retired,married,secondary,319,yes,143.0,3,no
34.0,management,single,tertiary,171,yes,191.0,1,no
47.0,technician,divorced,tertiary,-1148,yes,62.0,2,no
44.0,blue-collar,married,primary,-11,yes,13.0,1,no
35.0,admin.,single,secondary,0,yes,1073.0,1,yes
45.0,management,married,tertiary,-206,yes,337.0,2,no
42.0,blue-collar,married,primary,704,yes,88.0,10,no
38.0,technician,married,secondary,1931,no,167.0,1,no
34.0,technician,single,secondary,943,no,96.0,4,no
35.0,technician,married,secondary,327,yes,537.0,3,no
29.0,management,single,secondary,-105,yes,5.0,3,no
58.0,retired,married,secondary,983,no,139.0,1,no
44.0,blue-collar,single,primary,787,yes,570.0,2,no
45.0,entrepreneur,married,tertiary,0,yes,100.0,3,no
43.0,blue-collar,married,secondary,3060,yes,253.0,2,no
44.0,services,married,secondary,5780,yes,525.0,2,no
30.0,technician,single,secondary,790,no,696.0,3,no
38.0,unemployed,married,tertiary,1449,no,535.0,6,no
50.0,technician,married,secondary,1412,no,131.0,3,no
21.0,student,single,secondary,681,no,6.0,1,no
38.0,entrepreneur,married,tertiary,228,yes,105.0,1,no
42.0,admin.,married,secondary,0,no,370.0,1,no
45.0,technician,single,tertiary,2087,no,29.0,14,no
34.0,entrepreneur,married,secondary,2,yes,184.0,1,no
48.0,technician,married,secondary,197,no,47.0,2,no
34.0,services,married,secondary,0,no,193.0,4,no
32.0,blue-collar,married,secondary,1905,yes,709.0,2,yes
35.0,technician,married,tertiary,118,no,358.0,2,no
39.0,entrepreneur,married,tertiary,2644,yes,253.0,1,no
36.0,self-employed,married,tertiary,16430,yes,197.0,3,no
35.0,technician,married,secondary,13,no,94.0,2,no
57.0,services,divorced,secondary,14,no,445.0,2,no
28.0,technician,single,secondary,769,yes,153.0,1,no
43.0,admin.,married,unknown,3485,no,113.0,1,no
57.0,management,married,secondary,139,no,80.0,1,no
34.0,services,divorced,secondary,202,yes,318.0,1,no
36.0,technician,married,tertiary,6,yes,100.0,1,no
47.0,management,divorced,tertiary,2515,no,40.0,3,no
36.0,management,divorced,tertiary,5195,yes,55.0,25,no
33.0,management,married,tertiary,2098,no,67.0,1,no
57.0,management,married,tertiary,320,no,76.0,2,no
57.0,management,married,tertiary,3431,yes,73.0,1,no
34.0,admin.,married,secondary,50,yes,89.0,2,no
51.0,housemaid,divorced,tertiary,370,yes,109.0,3,no
54.0,blue-collar,divorced,primary,-182,no,98.0,1,no
52.0,self-employed,single,tertiary,1623,yes,21.0,17,no
43.0,entrepreneur,married,tertiary,13342,yes,465.0,1,no
58.0,retired,single,primary,6570,no,106.0,3,no
53.0,admin.,married,secondary,225,yes,304.0,1,no
44.0,management,married,secondary,-665,no,342.0,3,no
29.0,management,single,tertiary,0,no,16.0,25,no
27.0,services,single,secondary,54,yes,543.0,2,yes
35.0,blue-collar,married,primary,46,no,338.0,3,no
40.0,self-employed,married,secondary,2,no,197.0,5,no
34.0,blue-collar,married,secondary,103,yes,956.0,2,no
38.0,admin.,single,secondary,883,yes,95.0,1,no
32.0,services,married,secondary,55,yes,546.0,9,no
41.0,admin.,married,secondary,8238,yes,124.0,4,no
25.0,blue-collar,single,secondary,913,yes,113.0,4,no
38.0,blue-collar,divorced,secondary,595,yes,245.0,3,no
26.0,technician,single,secondary,7,yes,188.0,2,no
37.0,technician,single,tertiary,1661,no,199.0,5,no
30.0,management,married,tertiary,102,yes,470.0,7,yes
36.0,services,married,secondary,338,no,90.0,1,no
33.0,management,married,secondary,3132,yes,350.0,5,no
33.0,admin.,single,tertiary,490,yes,31.0,1,no
35.0,management,married,tertiary,2682,yes,156.0,1,no
24.0,services,married,tertiary,0,yes,299.0,1,no
29.0,unemployed,married,secondary,596,no,510.0,2,no
54.0,blue-collar,married,secondary,2059,yes,177.0,4,no
27.0,admin.,married,secondary,132,no,123.0,2,no
34.0,management,married,secondary,0,no,270.0,1,no
39.0,blue-collar,married,primary,385,yes,225.0,4,no
38.0,management,married,tertiary,223,no,63.0,1,no
37.0,management,married,tertiary,0,yes,247.0,13,no
26.0,services,single,secondary,512,yes,206.0,5,no
36.0,entrepreneur,married,tertiary,1169,yes,168.0,2,no
30.0,management,single,tertiary,940,no,131.0,2,no
25.0,technician,single,secondary,-80,yes,89.0,1,no
34.0,technician,married,secondary,0,yes,116.0,4,no
52.0,unknown,married,unknown,1317,no,58.0,1,no
39.0,admin.,married,secondary,179,no,36.0,1,no
34.0,management,married,secondary,1007,yes,240.0,2,no
34.0,management,single,secondary,0,no,132.0,4,no
30.0,services,married,secondary,1286,yes,544.0,1,no
33.0,services,married,secondary,804,yes,266.0,1,no
30.0,student,single,secondary,4,no,443.0,2,no
51.0,blue-collar,married,primary,0,yes,324.0,1,no
36.0,services,single,secondary,417,yes,15.0,10,no
48.0,blue-collar,married,primary,1678,no,263.0,2,no
37.0,services,divorced,secondary,532,yes,199.0,1,no
58.0,management,married,secondary,407,yes,145.0,2,no
56.0,management,divorced,tertiary,659,no,56.0,1,no
34.0,blue-collar,married,secondary,393,yes,11.0,9,no
33.0,admin.,divorced,secondary,661,yes,411.0,1,no
26.0,services,single,secondary,0,no,165.0,23,no
40.0,management,single,unknown,838,yes,619.0,3,no
35.0,services,married,secondary,195,yes,203.0,1,no
45.0,entrepreneur,married,secondary,68,yes,254.0,1,no
37.0,technician,single,secondary,-242,yes,1149.0,6,yes
35.0,management,divorced,tertiary,321,yes,189.0,1,no
43.0,services,single,secondary,3403,yes,707.0,2,yes
28.0,blue-collar,married,secondary,8,yes,196.0,1,no
32.0,blue-collar,divorced,secondary,739,yes,171.0,1,no
26.0,unemployed,single,secondary,622,no,1451.0,2,yes
35.0,services,married,secondary,152,yes,563.0,1,yes
35.0,technician,single,secondary,2,no,23956498.0,4,no
39.0,blue-collar,married,secondary,1439,yes,73.0,6,no
42.0,blue-collar,divorced,secondary,1491,yes,203.0,2,no
32.0,technician,single,secondary,6402,yes,158.0,1,no
30.0,unemployed,married,secondary,1210,no,100.0,4,no
26.0,management,single,tertiary,122,no,160.0,1,no
30.0,student,single,secondary,0,yes,661.0,1,no
32.0,management,married,tertiary,62,yes,166.0,1,no
47.0,services,married,secondary,3333,yes,114.0,2,no
33.0,technician,married,tertiary,16992,yes,58.0,1,no
57.0,blue-collar,married,primary,23,yes,25.0,8,no
35.0,admin.,married,secondary,0,yes,121.0,2,no
53.0,technician,married,tertiary,6072,no,226.0,4,no
24.0,retired,single,secondary,366,no,234.0,2,no
54.0,management,divorced,tertiary,0,no,88.0,1,no
31.0,management,married,tertiary,1343,yes,85.0,1,no
41.0,entrepreneur,married,secondary,2105,yes,134.0,1,no
44.0,unknown,married,secondary,2319,no,251.0,3,no
35.0,services,single,secondary,35,yes,152.0,1,no
30.0,management,married,tertiary,877,no,202.0,1,no
43.0,blue-collar,single,primary,30,yes,379.0,17,no
51.0,entrepreneur,married,secondary,-2082,no,123.0,6,no
60.0,retired,married,secondary,89,no,156.0,2,no
43.0,self-employed,married,secondary,104,no,332.0,1,no
31.0,management,married,tertiary,1750,yes,90.0,3,no
56.0,management,married,primary,772,yes,291.0,1,no
42.0,technician,married,secondary,1048,yes,23.0,2,no
52.0,entrepreneur,married,primary,592,no,122.0,2,no
40.0,technician,married,secondary,0,yes,105.0,2,no
36.0,services,married,secondary,3064,yes,1143.0,4,no
40.0,services,married,primary,33,no,70.0,3,no
46.0,blue-collar,married,secondary,0,yes,264.0,2,no
32.0,admin.,single,secondary,1649,no,204.0,2,no
31.0,housemaid,single,tertiary,287,yes,182.0,1,no
41.0,technician,divorced,secondary,0,yes,386.0,2,no
58.0,housemaid,married,primary,419,no,295.0,3,no
36.0,services,married,secondary,257,yes,86.0,2,no
52.0,technician,married,secondary,118,no,16.0,20,no
42.0,management,married,tertiary,251,no,413.0,2,no
32.0,management,single,tertiary,1731,yes,323.0,3,no
62.0,management,married,tertiary,0,no,78.0,3,no
31.0,technician,single,tertiary,23,no,121.0,3,no
41.0,blue-collar,single,secondary,-386,no,477.0,1,yes
34.0,self-employed,married,tertiary,5498,no,265.0,1,no
44.0,management,single,tertiary,5063,no,418.0,2,yes
42.0,blue-collar,married,primary,7041,yes,386.0,4,no
37.0,entrepreneur,single,secondary,654,no,594.0,2,no
47.0,management,married,tertiary,1890,no,161.0,1,no
32.0,unemployed,married,secondary,2400,yes,450.0,3,no
46.0,blue-collar,married,secondary,519,yes,217.0,6,no
39.0,technician,single,tertiary,1190,no,136.0,1,no
28.0,services,single,secondary,229,yes,322.0,1,no
26.0,student,single,secondary,203,no,104.0,1,no
52.0,technician,married,secondary,1818,no,189.0,2,no
42.0,unemployed,married,secondary,1289,no,250.0,4,yes
33.0,technician,divorced,tertiary,39,no,123.0,5,no
73.0,retired,married,primary,796,no,427.0,1,yes
35.0,admin.,single,secondary,57,no,632.0,2,no
40.0,management,married,tertiary,1548,yes,101.0,3,no
51.0,technician,married,secondary,117,no,467.0,2,yes
37.0,admin.,single,secondary,0,yes,640.0,2,no
39.0,management,married,tertiary,691,yes,517.0,1,no
28.0,blue-collar,married,secondary,64,yes,160.0,3,no
49.0,technician,divorced,tertiary,0,yes,177.0,3,no
36.0,admin.,married,secondary,957,yes,206.0,1,no
45.0,technician,married,secondary,118,yes,208.0,2,no
29.0,technician,single,tertiary,218,yes,169.0,1,no
35.0,management,married,secondary,724,yes,287.0,2,yes
35.0,housemaid,married,tertiary,20,yes,505.0,3,no
30.0,blue-collar,married,secondary,-28,yes,284.0,2,no
46.0,blue-collar,married,primary,665,no,89.0,4,no
25.0,student,single,tertiary,5,no,138.0,1,no
36.0,management,married,tertiary,925,no,321.0,3,yes
42.0,blue-collar,married,primary,2519,yes,262.0,4,no
57.0,admin.,married,secondary,3927,no,61.0,1,no
42.0,management,divorced,tertiary,401,yes,217.0,9,no
29.0,management,married,tertiary,581,yes,192.0,2,no
36.0,technician,married,tertiary,1327,no,174.0,2,no
31.0,unemployed,married,secondary,3242,no,292.0,2,no
59.0,technician,married,primary,3163,yes,240.0,2,no
50.0,unemployed,divorced,secondary,32,no,282.0,2,no
47.0,admin.,married,secondary,310,yes,128.0,6,no
46.0,housemaid,married,primary,0,no,161.0,1,no
26.0,blue-collar,single,primary,155,yes,291.0,1,no
31.0,services,single,secondary,11386,yes,356.0,1,no
30.0,services,married,tertiary,1380,yes,294.0,2,no
47.0,blue-collar,single,unknown,2443,no,422.0,1,no
23.0,technician,single,tertiary,1129,yes,806.0,1,yes
44.0,unemployed,single,primary,4232,no,227.0,1,no
42.0,self-employed,married,secondary,5564,no,560.0,2,no
32.0,services,single,secondary,-402,yes,135.0,1,no
28.0,admin.,single,secondary,1323,yes,361.0,1,no
57.0,retired,married,primary,1623,yes,246.0,1,no
38.0,technician,married,tertiary,1042,yes,419.0,2,no
22.0,student,single,secondary,2488,no,449.0,2,yes
54.0,admin.,married,secondary,865,yes,71.0,1,no
32.0,technician,married,tertiary,-1053,yes,357.0,3,no
32.0,management,married,tertiary,1667,yes,164.0,2,no
59.0,admin.,divorced,secondary,975,yes,263.0,4,no
45.0,technician,married,secondary,2571,no,146.0,2,no
53.0,unknown,married,primary,732,no,759.0,2,yes
50.0,admin.,divorced,secondary,769,no,72.0,2,no
34.0,technician,married,secondary,-136,yes,131.0,2,no
35.0,admin.,divorced,secondary,3636,no,808.0,2,yes
62.0,housemaid,married,secondary,565,no,123.0,3,no
40.0,blue-collar,married,secondary,271,yes,483.0,2,no
26.0,self-employed,single,tertiary,1153,no,238.0,3,no
34.0,management,married,tertiary,-73,yes,90.0,1,no
50.0,unknown,married,unknown,558,no,464.0,1,yes
31.0,unknown,divorced,tertiary,137,no,385.0,9,no
35.0,technician,married,secondary,700,yes,240.0,2,no
55.0,retired,married,primary,-966,no,104.0,1,no
34.0,admin.,married,secondary,96,no,109.0,2,no
58.0,retired,married,primary,4007,no,598.0,4,no
50.0,management,single,tertiary,567,yes,274.0,8,no
31.0,technician,single,secondary,40,no,123.0,2,no
47.0,admin.,divorced,secondary,136,no,70.0,1,no
38.0,self-employed,single,tertiary,917,yes,260.0,1,no
46.0,management,single,tertiary,593,yes,190.0,3,no
42.0,blue-collar,married,primary,505,yes,521.0,2,no
34.0,blue-collar,married,secondary,2542,yes,228.0,1,no
37.0,management,married,tertiary,5355,no,466.0,4,yes
38.0,student,single,tertiary,807,no,74.0,2,no
59.0,retired,married,secondary,9976,yes,57.0,2,no
32.0,admin.,married,secondary,0,no,119.0,3,no
55.0,management,married,tertiary,540,no,124.0,2,no
35.0,blue-collar,married,secondary,280,yes,65.0,50,no
56.0,management,divorced,tertiary,-59,no,127.0,6,no
27.0,admin.,married,secondary,-517,yes,172.0,3,no
42.0,unemployed,single,secondary,2613,yes,174.0,6,no
42.0,student,married,unknown,-7,no,41.0,6,no
41.0,blue-collar,married,primary,0,yes,232.0,3,no
53.0,retired,divorced,secondary,-200,no,161.0,1,no
67.0,retired,married,primary,2301,no,124.0,1,no
53.0,housemaid,married,primary,104,no,701.0,1,yes
33.0,blue-collar,married,primary,191,yes,162.0,2,no
31.0,technician,single,unknown,694,yes,431.0,2,no
31.0,admin.,married,secondary,212,yes,191.0,3,no
30.0,management,married,tertiary,1882,yes,249.0,5,no
48.0,blue-collar,married,unknown,131,yes,189.0,1,no
30.0,technician,single,secondary,175,no,167.0,4,no
43.0,technician,single,tertiary,0,no,73.0,4,no
38.0,management,divorced,tertiary,4425,yes,162.0,1,no
46.0,unemployed,married,secondary,3533,yes,235.0,2,no
59.0,blue-collar,divorced,secondary,3573,no,44.0,1,no
44.0,management,divorced,tertiary,476,yes,127.0,2,no
35.0,blue-collar,married,secondary,1257,yes,93.0,3,no
55.0,blue-collar,married,unknown,23,no,143.0,1,no
39.0,management,single,tertiary,0,yes,81.0,2,no
36.0,services,single,secondary,398,yes,77.0,2,no
33.0,blue-collar,married,secondary,745,yes,115.0,4,no
48.0,management,single,tertiary,8106,no,125.0,1,no
33.0,management,single,tertiary,0,no,53.0,4,no
67.0,retired,married,unknown,696,no,77.0,2,no
48.0,unemployed,divorced,secondary,1266,yes,45.0,1,no
57.0,management,married,tertiary,2416,no,74.0,2,no
31.0,housemaid,married,primary,25,no,169.0,5,no
30.0,student,single,tertiary,7513,no,269.0,2,no
56.0,entrepreneur,divorced,primary,29,no,52.0,2,no
26.0,blue-collar,married,primary,5116,yes,246.0,3,no
44.0,management,married,secondary,-1746,yes,218.0,1,no
44.0,technician,divorced,secondary,14,no,167.0,1,yes
31.0,management,married,tertiary,4148,yes,316.0,3,yes
47.0,self-employed,married,unknown,14,yes,142.0,1,no
30.0,admin.,single,secondary,105,yes,75.0,1,no
37.0,management,married,tertiary,767,no,204.0,1,no
56.0,admin.,divorced,primary,0,no,542.0,1,no
43.0,management,single,secondary,-228,yes,122.0,2,no
42.0,services,married,secondary,508,yes,70.0,1,no
60.0,management,married,secondary,725,yes,266.0,1,no
34.0,blue-collar,married,unknown,41,yes,34.0,9,no
34.0,management,single,tertiary,184,no,203.0,4,no
41.0,management,married,tertiary,251,no,85.0,3,no
38.0,management,divorced,secondary,-17,no,11.0,4,no
23.0,services,married,secondary,-19,yes,13.0,10,no
33.0,management,married,tertiary,1064,yes,562.0,1,yes
36.0,blue-collar,married,secondary,777,yes,185.0,3,no
49.0,unemployed,married,tertiary,377,no,158.0,1,no
34.0,admin.,divorced,secondary,479,yes,515.0,1,yes
40.0,technician,divorced,secondary,-375,yes,60.0,5,no
72.0,retired,married,primary,796,no,173.0,2,no
43.0,technician,married,secondary,17,yes,353.0,4,no
44.0,blue-collar,married,secondary,1071,yes,143.0,3,no
35.0,admin.,married,secondary,0,yes,18.0,5,no
46.0,admin.,divorced,secondary,7378,no,466.0,1,no
55.0,admin.,married,secondary,865,yes,85.0,1,no
50.0,technician,divorced,secondary,-701,yes,148.0,1,no
23.0,blue-collar,single,unknown,817,yes,123.0,1,no
34.0,student,married,unknown,1387,no,121.0,1,no
40.0,blue-collar,married,secondary,0,yes,245.0,3,no
61.0,retired,married,secondary,2917,no,215.0,1,yes
53.0,technician,married,secondary,4541,yes,190.0,6,no
57.0,technician,married,secondary,0,no,44.0,1,no
28.0,blue-collar,married,secondary,4287,no,171.0,1,no
25.0,admin.,married,secondary,242,yes,62.0,12,no
38.0,blue-collar,married,secondary,171,yes,172.0,1,no
27.0,services,single,secondary,259,yes,78.0,10,no
45.0,blue-collar,married,secondary,827,yes,319.0,5,no
31.0,services,single,secondary,469,no,111.0,1,no
39.0,blue-collar,married,primary,2226,yes,158.0,1,no
42.0,technician,married,secondary,0,no,82.0,12,no
46.0,management,married,tertiary,477,yes,128.0,6,no
36.0,services,married,secondary,42,yes,102.0,4,no
30.0,management,single,tertiary,775,yes,124.0,2,no
32.0,blue-collar,married,secondary,9,yes,334.0,2,no
52.0,technician,married,tertiary,2557,no,134.0,5,yes
31.0,management,married,tertiary,2395,no,218.0,1,no
60.0,management,married,primary,4895,no,313.0,1,no
35.0,blue-collar,single,secondary,376,yes,207.0,3,no
38.0,management,married,tertiary,389,yes,262.0,1,no
46.0,management,divorced,tertiary,134,no,134.0,2,no
45.0,entrepreneur,divorced,tertiary,1273,yes,197.0,3,no
59.0,services,married,secondary,0,yes,214.0,3,no
34.0,management,married,tertiary,2892,yes,1165.0,7,no
33.0,technician,divorced,secondary,0,yes,177.0,2,no
46.0,management,single,secondary,295,yes,141.0,6,no
48.0,admin.,married,secondary,292,yes,164.0,6,no
31.0,services,single,secondary,85,no,151.0,1,no
32.0,technician,married,secondary,4,no,145.0,2,no
35.0,blue-collar,divorced,primary,-587,yes,111.0,1,no
36.0,blue-collar,single,primary,367,no,217.0,1,no
52.0,management,married,tertiary,-1224,yes,253.0,4,no
45.0,management,divorced,tertiary,959,no,74.0,1,no
34.0,management,married,tertiary,0,no,263.0,2,no
25.0,blue-collar,married,primary,-589,yes,233.0,1,no
26.0,management,single,tertiary,-8,no,402.0,2,no
57.0,management,married,unknown,0,no,585.0,1,no
48.0,management,married,primary,247,yes,145.0,1,no
48.0,technician,married,unknown,5543,no,143.0,5,no
32.0,blue-collar,married,primary,642,no,524.0,1,no
58.0,retired,married,secondary,11,no,270.0,1,no
57.0,management,married,primary,-226,yes,272.0,1,no
31.0,entrepreneur,married,tertiary,5191,no,187.0,2,no
33.0,blue-collar,single,secondary,-320,no,268.0,2,no
53.0,entrepreneur,married,tertiary,2289,yes,183.0,1,no
36.0,admin.,married,secondary,725,yes,123.0,3,no
32.0,technician,single,tertiary,705,yes,20.0,4,no
45.0,blue-collar,married,secondary,776,yes,232.0,4,no
35.0,unemployed,married,tertiary,816,yes,547.0,7,no
41.0,services,married,secondary,171,no,71.0,9,no
54.0,services,married,secondary,812,no,113.0,6,no
49.0,services,married,secondary,823,no,780.0,4,yes
28.0,technician,single,secondary,1453,yes,246.0,1,no
24.0,blue-collar,single,unknown,431,yes,108.0,12,no
30.0,admin.,single,secondary,1009,yes,253.0,1,no
32.0,self-employed,married,primary,286,yes,175.0,1,no
53.0,entrepreneur,married,tertiary,22370,yes,106.0,1,no
42.0,blue-collar,married,primary,2111,yes,86.0,2,no
48.0,blue-collar,married,primary,5366,yes,248.0,3,no
33.0,technician,married,secondary,181,yes,265.0,2,no
31.0,blue-collar,divorced,secondary,-452,yes,182.0,5,no
56.0,unemployed,divorced,primary,1770,no,916.0,3,no
58.0,retired,married,primary,0,no,506.0,1,no
37.0,admin.,single,secondary,-296,yes,81.0,1,no
59.0,management,married,primary,2358,yes,30.0,1,no
50.0,management,single,tertiary,1200,no,904.0,3,yes
39.0,housemaid,single,primary,109,yes,699.0,3,no
30.0,technician,married,secondary,616,yes,19.0,1,no
47.0,services,divorced,secondary,4906,yes,389.0,1,no
44.0,self-employed,married,secondary,313,no,211.0,4,no
38.0,blue-collar,married,primary,290,yes,283.0,1,no
50.0,management,married,tertiary,1240,no,474.0,2,no
27.0,admin.,single,tertiary,3672,yes,157.0,2,no
73.0,retired,married,secondary,19,no,509.0,2,no
46.0,blue-collar,married,primary,143,yes,279.0,1,no
56.0,retired,divorced,secondary,212,no,27.0,1,no
36.0,management,married,tertiary,9,no,386.0,4,yes
33.0,blue-collar,married,primary,3074,no,679.0,1,no
52.0,management,married,tertiary,575,no,315.0,1,no
51.0,blue-collar,married,secondary,397,yes,293.0,2,no
33.0,blue-collar,married,secondary,640,yes,439.0,3,no
54.0,services,married,secondary,158,yes,198.0,1,no
44.0,management,married,secondary,2984,yes,770.0,2,no
50.0,entrepreneur,married,secondary,1011,yes,340.0,2,no
45.0,blue-collar,single,secondary,0,yes,1472.0,1,yes
36.0,management,married,tertiary,1133,yes,293.0,1,yes
42.0,technician,married,secondary,4945,yes,311.0,2,yes
37.0,technician,married,secondary,712,yes,291.0,2,no
28.0,services,single,secondary,-427,yes,965.0,2,no
56.0,admin.,married,secondary,2146,no,594.0,1,no
59.0,admin.,married,secondary,92,yes,139.0,2,no
32.0,unemployed,married,secondary,10,yes,501.0,4,no
57.0,retired,married,primary,1238,yes,274.0,1,no
49.0,admin.,single,secondary,981,yes,10.0,3,no
56.0,entrepreneur,married,unknown,575,no,18.0,2,no
48.0,admin.,divorced,unknown,-70,no,243.0,1,no
27.0,student,single,tertiary,3733,yes,198.0,1,yes
31.0,management,single,tertiary,574,yes,410.0,2,no
28.0,blue-collar,single,secondary,43,no,190.0,1,no
36.0,management,married,tertiary,428,no,121.0,1,no
58.0,housemaid,married,primary,0,yes,148.0,1,no
46.0,admin.,married,secondary,0,yes,239.0,2,no
32.0,management,single,tertiary,474,yes,90.0,3,no
39.0,services,married,secondary,-540,no,29.0,1,no
35.0,self-employed,married,tertiary,560,yes,58.0,1,no
31.0,management,married,tertiary,325,yes,1139.0,2,yes
29.0,management,single,tertiary,437,no,504.0,1,yes
48.0,blue-collar,married,primary,574,no,348.0,1,no
60.0,retired,married,primary,0,no,130.0,3,no
74.0,retired,married,secondary,935,no,100.0,1,no
30.0,services,married,secondary,699,yes,544.0,1,no
52.0,admin.,single,primary,0,no,182.0,11,no
24.0,blue-collar,married,secondary,-220,yes,90.0,1,no
29.0,services,married,secondary,11417,yes,272.0,2,no
33.0,housemaid,married,primary,212,yes,260.0,2,no
34.0,blue-collar,married,secondary,67,yes,672.0,3,no
45.0,admin.,divorced,secondary,0,no,264.0,1,yes
31.0,blue-collar,married,secondary,0,no,275.0,2,no
45.0,technician,married,secondary,1673,no,76.0,1,no
27.0,services,married,secondary,-1202,yes,749.0,2,no
30.0,management,single,tertiary,4213,no,142.0,4,no
45.0,blue-collar,married,primary,0,no,454.0,2,no
57.0,blue-collar,married,secondary,1521,yes,102.0,2,no
34.0,management,married,tertiary,1310,no,521.0,3,no
40.0,admin.,married,secondary,0,yes,57.0,1,no
39.0,management,married,tertiary,399,no,504.0,1,no
46.0,technician,married,tertiary,405,no,138.0,3,no
55.0,management,divorced,tertiary,9756,yes,103.0,2,yes
25.0,management,single,tertiary,2506,no,485.0,1,yes
34.0,management,married,tertiary,697,no,166.0,1,no
37.0,blue-collar,married,primary,403,yes,318.0,2,no
64.0,retired,divorced,tertiary,890,no,531.0,3,no
45.0,technician,divorced,secondary,809,yes,155.0,2,no
57.0,housemaid,married,secondary,158,yes,73.0,1,no
21.0,student,single,unknown,137,yes,198.0,3,no
58.0,housemaid,married,secondary,2705,no,137.0,1,no
41.0,blue-collar,single,secondary,75,yes,479.0,9,yes
41.0,management,married,unknown,2457,yes,285.0,1,no
58.0,management,married,tertiary,541,yes,98.0,1,no
33.0,management,married,tertiary,287,yes,199.0,2,no
32.0,management,married,tertiary,273,yes,97.0,3,no
44.0,services,divorced,secondary,0,yes,389.0,5,no
47.0,unknown,married,unknown,677,no,384.0,1,no
41.0,self-employed,married,primary,340,no,37.0,3,no
54.0,technician,married,tertiary,98,no,420.0,4,no
47.0,technician,divorced,tertiary,477,yes,973.0,1,no
32.0,management,single,tertiary,2629,no,77.0,4,no
59.0,housemaid,married,tertiary,0,no,376.0,2,no
29.0,technician,single,tertiary,2325,no,125.0,1,yes
48.0,services,married,secondary,-20,no,142.0,2,no
32.0,technician,single,secondary,230,yes,442.0,1,yes
46.0,management,divorced,secondary,-852,no,728.0,2,no
31.0,blue-collar,single,primary,-280,no,281.0,3,no
53.0,blue-collar,married,secondary,25,no,528.0,2,yes
34.0,technician,single,tertiary,9851,yes,128.0,5,no
48.0,services,single,unknown,5095,yes,71.0,1,no
32.0,technician,married,secondary,687,no,161.0,4,no
31.0,management,married,secondary,1368,yes,129.0,4,no
27.0,blue-collar,single,primary,-179,yes,54.0,2,no
60.0,admin.,married,secondary,-396,yes,443.0,1,no
34.0,blue-collar,single,tertiary,1011,yes,136.0,1,no
52.0,self-employed,married,secondary,9,no,44.0,1,no
48.0,blue-collar,married,secondary,1159,yes,1181.0,9,no
45.0,technician,married,primary,-322,no,225.0,2,no
54.0,technician,divorced,secondary,1114,yes,81.0,1,no
52.0,services,married,secondary,2072,no,224.0,1,no
47.0,entrepreneur,married,tertiary,459,yes,189.0,4,no
54.0,unknown,married,secondary,1157,no,98.0,2,no
34.0,blue-collar,married,secondary,8309,yes,50.0,1,no
39.0,technician,single,tertiary,1043,no,195.0,10,no
46.0,technician,married,secondary,2098,no,110.0,2,no
26.0,unemployed,single,secondary,461,no,214.0,1,no
37.0,technician,single,secondary,61,yes,182.0,8,no
47.0,blue-collar,married,secondary,1203,yes,239.0,2,no
35.0,technician,married,secondary,1067,no,179.0,6,no
57.0,unemployed,married,primary,0,no,540.0,1,no
34.0,management,married,tertiary,1657,yes,566.0,2,no
47.0,technician,married,secondary,1219,no,697.0,4,yes
27.0,technician,married,secondary,7,yes,98.0,2,no
40.0,blue-collar,married,secondary,-839,yes,1018.0,2,yes
39.0,technician,married,secondary,994,no,221.0,1,no
36.0,entrepreneur,married,tertiary,6,no,246.0,1,no
42.0,technician,single,secondary,0,no,656.0,2,no
23.0,blue-collar,single,primary,8627,yes,281.0,1,no
34.0,management,married,tertiary,133,yes,65.0,1,no
34.0,blue-collar,married,secondary,247,yes,193.0,5,no
49.0,services,married,secondary,1114,no,283.0,1,no
57.0,blue-collar,married,primary,1592,no,78.0,4,no
59.0,retired,married,unknown,0,no,425.0,6,no
57.0,admin.,married,tertiary,46,no,238.0,2,no
34.0,blue-collar,married,secondary,1221,yes,182.0,1,no
61.0,management,married,secondary,985,no,998.0,6,yes
35.0,blue-collar,divorced,secondary,0,yes,477.0,1,no
42.0,management,married,tertiary,520,no,158.0,1,no
57.0,services,married,tertiary,10,no,320.0,3,no
42.0,blue-collar,married,secondary,2157,yes,149.0,1,no
53.0,retired,married,secondary,6095,yes,410.0,5,no
63.0,retired,married,tertiary,133,yes,104.0,2,no
47.0,self-employed,married,secondary,1121,no,454.0,6,no
54.0,services,married,secondary,88,yes,190.0,1,no
45.0,admin.,married,secondary,0,no,145.0,10,no
28.0,management,single,tertiary,-328,yes,318.0,2,no
58.0,unemployed,married,secondary,610,yes,246.0,2,no
48.0,management,single,tertiary,414,no,761.0,2,no
35.0,management,divorced,tertiary,0,yes,171.0,1,yes
37.0,self-employed,married,tertiary,0,no,143.0,1,no
37.0,blue-collar,married,secondary,685,yes,968.0,1,no
37.0,management,married,primary,22856,no,154.0,1,no
25.0,services,single,secondary,-352,no,246.0,1,no
58.0,blue-collar,married,secondary,602,yes,201.0,1,no
52.0,management,married,secondary,-588,yes,81.0,4,no
19.0,student,single,secondary,302,no,205.0,1,yes
59.0,blue-collar,married,secondary,5314,yes,200.0,3,no
41.0,technician,married,secondary,64,yes,210.0,2,no
34.0,technician,single,tertiary,632,no,215.0,10,no
35.0,technician,single,secondary,5731,yes,164.0,2,no
41.0,technician,married,secondary,902,no,35.0,6,no
28.0,blue-collar,single,secondary,6307,yes,615.0,1,no
53.0,management,divorced,secondary,112,no,246.0,3,no
35.0,services,married,secondary,0,no,42.0,1,no
33.0,admin.,single,tertiary,621,no,217.0,1,no
37.0,technician,single,secondary,435,yes,210.0,1,no
32.0,technician,married,secondary,782,yes,116.0,4,no
32.0,blue-collar,married,secondary,478,yes,200.0,1,no
54.0,services,married,unknown,7864,yes,145.0,4,no
44.0,blue-collar,married,secondary,1910,yes,41.0,1,no
36.0,technician,divorced,tertiary,1174,yes,192.0,2,no
56.0,admin.,married,secondary,1270,yes,80.0,2,no
30.0,management,single,tertiary,18,no,121.0,11,no
36.0,blue-collar,married,secondary,141,yes,106.0,3,no
43.0,management,married,tertiary,2886,no,230.0,1,no
40.0,technician,married,secondary,2715,yes,125.0,2,no
32.0,technician,single,tertiary,1100,yes,67.0,1,no
34.0,blue-collar,married,secondary,516,yes,26.0,1,no
37.0,services,married,secondary,1,no,395.0,2,no
28.0,admin.,single,secondary,775,no,603.0,2,no
35.0,unknown,married,primary,634,no,185.0,2,no
53.0,blue-collar,single,secondary,5715,no,287.0,2,no
60.0,admin.,married,unknown,1088,yes,149.0,1,no
40.0,entrepreneur,married,secondary,1532,yes,173.0,7,no
57.0,retired,married,primary,75,no,118.0,2,no
29.0,technician,single,secondary,103,no,314.0,1,no
44.0,blue-collar,married,primary,134,yes,378.0,1,no
41.0,admin.,single,secondary,748,no,94.0,7,no
47.0,technician,married,secondary,1990,yes,108.0,4,no
43.0,technician,married,tertiary,192,no,203.0,2,no
37.0,technician,single,secondary,267,no,121.0,1,no
34.0,technician,single,tertiary,586,yes,489.0,2,no
30.0,blue-collar,single,secondary,648,yes,287.0,1,no
57.0,entrepreneur,divorced,secondary,25,yes,652.0,1,no
26.0,admin.,single,secondary,96,yes,612.0,2,no
34.0,management,married,tertiary,1116,yes,53.0,5,no
46.0,technician,divorced,secondary,-90,no,270.0,1,yes
38.0,entrepreneur,married,tertiary,170,yes,442.0,1,yes
37.0,technician,single,secondary,3665,no,664.0,3,yes
28.0,management,single,tertiary,2380,no,394.0,2,no
57.0,blue-collar,married,primary,179,no,230.0,3,no
39.0,management,married,tertiary,763,yes,877.0,7,yes
49.0,services,married,secondary,320,no,1971.0,4,yes
38.0,technician,married,secondary,1960,yes,161.0,2,no
27.0,blue-collar,married,secondary,818,yes,188.0,5,no
30.0,admin.,married,secondary,2678,yes,23.0,5,no
38.0,admin.,married,tertiary,1980,no,176.0,2,no
36.0,management,married,tertiary,1582,no,26.0,2,no
38.0,retired,single,unknown,62,no,212.0,1,no
59.0,housemaid,married,primary,235,no,119.0,2,no
37.0,management,married,tertiary,489,yes,205.0,5,no
29.0,self-employed,married,tertiary,3931,yes,73.0,4,no
43.0,blue-collar,married,secondary,699,yes,1258.0,2,yes
33.0,technician,married,secondary,58,yes,57.0,2,no
54.0,housemaid,divorced,secondary,1327,no,115.0,2,no
55.0,services,married,secondary,557,no,58.0,1,no
32.0,technician,single,tertiary,741,yes,238.0,1,no
48.0,management,married,primary,3230,yes,207.0,3,no
33.0,management,single,tertiary,1439,yes,178.0,2,no
46.0,admin.,married,secondary,120,yes,20.0,11,no
44.0,management,married,tertiary,1058,no,188.0,3,yes
47.0,blue-collar,married,primary,881,yes,143.0,1,no
38.0,technician,married,secondary,6728,no,232.0,1,yes
80.0,retired,married,secondary,462,no,127.0,2,no
40.0,self-employed,married,secondary,167,yes,380.0,4,no
43.0,entrepreneur,married,tertiary,1574,yes,167.0,3,no
32.0,technician,single,tertiary,1625,no,796.0,1,yes
39.0,management,married,tertiary,562,no,303.0,2,no
33.0,technician,married,secondary,9305,yes,407.0,2,no
31.0,technician,single,secondary,35,no,229.0,1,no
36.0,management,single,tertiary,0,no,108.0,2,no
35.0,management,single,tertiary,2486,yes,265.0,1,no
25.0,services,single,secondary,368,no,168.0,1,no
33.0,management,single,secondary,1558,yes,97.0,1,no
23.0,blue-collar,single,primary,8627,yes,169.0,1,no
31.0,management,single,tertiary,2590,no,103.0,2,no
36.0,management,married,tertiary,0,yes,599.0,3,no
44.0,technician,single,tertiary,900,yes,322.0,2,no
55.0,blue-collar,married,primary,1649,yes,52.0,3,no
51.0,housemaid,divorced,secondary,9228,no,655.0,4,yes
36.0,admin.,married,secondary,0,yes,101.0,2,no
27.0,unemployed,single,tertiary,1,no,65.0,2,no
40.0,services,married,secondary,771,yes,173.0,4,no
49.0,services,married,secondary,280,yes,162.0,3,no
59.0,retired,married,primary,46,no,78.0,2,no
32.0,management,married,tertiary,2431,yes,646.0,5,yes
42.0,retired,single,tertiary,308,no,114.0,2,no
35.0,management,divorced,tertiary,160,yes,141.0,6,no
29.0,blue-collar,single,secondary,555,yes,133.0,4,no
29.0,technician,single,secondary,778,yes,1994.0,2,no
37.0,blue-collar,single,secondary,48,no,140.0,2,no
49.0,admin.,married,primary,169,yes,82.0,3,no
51.0,services,divorced,secondary,12,yes,150.0,1,no
61.0,housemaid,married,primary,848,no,605.0,1,no
43.0,management,married,secondary,481,yes,164.0,1,no
42.0,services,married,tertiary,12223,yes,36.0,1,no
24.0,blue-collar,married,secondary,-254,yes,290.0,2,no
46.0,self-employed,married,tertiary,1148,no,104.0,2,no
23.0,admin.,single,secondary,5,no,413.0,1,no
26.0,services,single,secondary,50,yes,153.0,1,no
43.0,blue-collar,divorced,primary,92,yes,237.0,2,no
35.0,technician,single,tertiary,470,yes,743.0,13,yes
38.0,technician,married,secondary,0,no,82.0,4,no
56.0,unemployed,divorced,primary,109,no,924.0,4,no
31.0,services,married,secondary,440,yes,117.0,3,no
32.0,management,single,tertiary,0,no,550.0,4,yes
28.0,services,single,secondary,2685,no,5.0,1,no
26.0,admin.,divorced,secondary,-3,yes,181.0,5,no
49.0,management,married,tertiary,7007,no,325.0,2,no
33.0,admin.,married,secondary,220,yes,345.0,1,no
80.0,retired,married,primary,1548,no,331.0,2,no
40.0,blue-collar,married,secondary,326,yes,112.0,1,no
42.0,technician,divorced,secondary,0,yes,115.0,6,no
46.0,blue-collar,married,secondary,123,no,381.0,3,no
32.0,management,single,tertiary,697,no,119.0,1,no
37.0,services,single,tertiary,223,yes,25.0,1,no
32.0,student,married,secondary,1694,yes,929.0,1,no
53.0,management,married,tertiary,4446,yes,429.0,1,no
39.0,management,married,tertiary,894,yes,491.0,1,no
31.0,technician,divorced,secondary,202,yes,146.0,1,no
34.0,management,single,tertiary,0,no,191.0,2,no
44.0,technician,married,tertiary,1707,no,406.0,3,no
35.0,technician,married,secondary,13658,yes,220.0,2,no
39.0,admin.,married,secondary,406,no,253.0,5,no
55.0,services,married,secondary,96,no,340.0,2,no
34.0,housemaid,married,secondary,0,yes,154.0,1,yes
39.0,technician,married,tertiary,-276,no,121.0,4,no
58.0,retired,married,secondary,413,no,104.0,5,no
37.0,blue-collar,married,primary,655,yes,127.0,2,no
56.0,retired,divorced,primary,694,no,144.0,1,yes
32.0,admin.,single,secondary,10218,yes,149.0,2,no
41.0,technician,single,tertiary,1646,yes,261.0,1,yes
29.0,admin.,single,tertiary,14,no,87.0,1,no
44.0,management,married,tertiary,7635,no,719.0,5,no
24.0,blue-collar,married,secondary,9,yes,292.0,7,no
43.0,management,single,secondary,1029,yes,145.0,1,no
26.0,admin.,married,tertiary,2855,no,52.0,3,no
39.0,admin.,married,secondary,260,yes,146.0,1,no
49.0,blue-collar,married,secondary,2039,yes,451.0,1,yes
52.0,blue-collar,divorced,primary,-97,yes,167.0,4,no
33.0,blue-collar,married,tertiary,1465,no,98.0,4,no
30.0,blue-collar,married,secondary,125,yes,238.0,2,no
32.0,technician,single,tertiary,930,no,85.0,7,no
27.0,management,single,tertiary,0,yes,323.0,4,no
58.0,blue-collar,married,primary,73,no,116.0,1,no
46.0,retired,married,primary,-35,yes,304.0,3,no
28.0,management,single,tertiary,1351,no,267.0,1,no
39.0,services,married,primary,1601,yes,201.0,2,no
41.0,services,married,unknown,88,yes,105.0,1,no
38.0,services,married,secondary,435,yes,193.0,2,no
50.0,unemployed,divorced,secondary,717,yes,113.0,1,no
56.0,services,married,secondary,705,yes,151.0,2,no
34.0,technician,married,secondary,1553,no,200.0,2,no
33.0,blue-collar,divorced,secondary,-131,yes,145.0,1,no
61.0,technician,married,secondary,1191,no,214.0,4,yes
36.0,admin.,single,secondary,47,no,36.0,6,no
34.0,technician,married,tertiary,544,yes,58.0,2,no
36.0,blue-collar,married,secondary,688,yes,174.0,2,no
45.0,management,married,tertiary,242,no,587.0,1,yes
27.0,student,single,tertiary,118,no,112.0,1,no
45.0,admin.,married,secondary,-388,yes,175.0,2,no
40.0,self-employed,married,tertiary,1603,no,279.0,1,no
36.0,management,single,secondary,1511,yes,270.0,1,yes
46.0,blue-collar,married,primary,147,yes,116.0,2,no
37.0,entrepreneur,married,tertiary,836,yes,129.0,2,no
36.0,technician,married,secondary,55,yes,38.0,2,no
37.0,admin.,married,secondary,1123,no,138.0,1,no
22.0,student,single,tertiary,691,no,338.0,1,yes
49.0,technician,married,secondary,12531,no,77.0,8,no
35.0,management,married,tertiary,552,yes,314.0,2,no
50.0,housemaid,married,primary,0,no,179.0,2,no
31.0,services,married,tertiary,309,yes,294.0,1,no
47.0,services,single,secondary,33,yes,298.0,1,no
59.0,blue-collar,married,secondary,681,yes,427.0,2,no
32.0,blue-collar,married,secondary,1787,yes,87.0,4,no
71.0,retired,married,tertiary,14220,yes,397.0,1,yes
31.0,management,single,tertiary,12569,no,344.0,1,yes
41.0,blue-collar,married,primary,4,no,74.0,5,no
35.0,blue-collar,married,primary,3587,yes,148.0,4,no
36.0,management,married,tertiary,254,no,161.0,3,no
46.0,blue-collar,divorced,primary,1712,no,110.0,1,no
46.0,blue-collar,married,secondary,4855,yes,1529.0,1,no
47.0,technician,married,tertiary,2408,no,236.0,1,no
35.0,management,single,tertiary,252,yes,89.0,2,no
37.0,blue-collar,married,secondary,346,yes,390.0,1,no
56.0,admin.,married,secondary,45,no,1467.0,1,yes
46.0,admin.,married,secondary,556,yes,646.0,3,yes
44.0,management,divorced,tertiary,-710,yes,183.0,1,no
48.0,technician,single,tertiary,-551,yes,168.0,2,no
28.0,blue-collar,single,secondary,56,yes,66.0,1,no
38.0,entrepreneur,married,tertiary,1514,no,160.0,3,no
34.0,management,single,tertiary,178,yes,14.0,2,no
56.0,technician,married,secondary,359,yes,220.0,4,no
55.0,retired,divorced,secondary,1580,no,1007.0,1,yes
44.0,blue-collar,divorced,secondary,221,no,149.0,13,no
38.0,technician,married,tertiary,1161,yes,665.0,1,no
53.0,retired,married,secondary,1278,yes,174.0,3,no
41.0,admin.,single,tertiary,982,no,105.0,1,no
34.0,technician,single,secondary,16,no,990.0,1,yes
34.0,management,single,tertiary,1,no,582.0,1,no
35.0,services,married,secondary,128,yes,136.0,1,no
42.0,entrepreneur,married,tertiary,42045,no,205.0,2,no
56.0,blue-collar,married,primary,828,yes,214.0,1,no
37.0,management,divorced,tertiary,0,yes,217.0,6,no
47.0,housemaid,married,secondary,3940,yes,171.0,2,no
29.0,blue-collar,married,secondary,125,yes,50.0,1,no
41.0,management,married,tertiary,140,yes,65.0,3,no
43.0,technician,single,secondary,593,yes,55.0,1,no
38.0,self-employed,married,secondary,746,no,256.0,3,no
31.0,technician,married,secondary,589,yes,151.0,1,no
32.0,management,single,tertiary,2343,no,226.0,1,no
40.0,management,married,tertiary,294,yes,97.0,5,no
45.0,admin.,married,secondary,644,no,92.0,1,no
43.0,management,married,secondary,-26,yes,343.0,1,no
27.0,services,single,secondary,3354,yes,493.0,5,no
33.0,management,single,tertiary,23,no,216.0,3,no
37.0,admin.,married,secondary,7,yes,224.0,7,no
60.0,admin.,married,secondary,3735,no,190.0,1,yes
51.0,self-employed,married,unknown,2094,no,458.0,6,yes
44.0,blue-collar,married,secondary,508,yes,222.0,1,no
48.0,management,married,unknown,0,yes,612.0,1,no
57.0,blue-collar,married,primary,93,yes,137.0,1,no
29.0,technician,single,tertiary,0,yes,104.0,2,no
50.0,services,married,secondary,26394,no,206.0,4,no
36.0,services,married,secondary,-11,yes,172.0,28,no
49.0,technician,married,tertiary,523,yes,152.0,2,yes
49.0,technician,married,secondary,-74,yes,114.0,1,no
35.0,management,married,tertiary,0,no,89.0,1,no
39.0,technician,single,secondary,122,yes,158.0,1,no
34.0,blue-collar,married,primary,351,no,326.0,11,no
57.0,self-employed,married,secondary,35,no,215.0,3,no
37.0,technician,divorced,secondary,2610,yes,53.0,1,no
25.0,services,single,secondary,64,no,71.0,11,no
43.0,blue-collar,married,primary,60,no,487.0,2,no
37.0,blue-collar,married,secondary,342,yes,340.0,2,no
36.0,blue-collar,single,tertiary,1830,no,183.0,1,no
49.0,management,divorced,tertiary,1904,no,131.0,2,no
38.0,management,single,tertiary,16957,yes,208.0,1,no
39.0,management,divorced,tertiary,26,no,311.0,5,no
40.0,management,married,tertiary,0,no,147.0,1,yes
34.0,admin.,married,secondary,79,yes,83.0,1,no
39.0,blue-collar,married,primary,2303,yes,775.0,3,yes
53.0,blue-collar,married,secondary,65,no,25.0,18,no
44.0,management,married,tertiary,332,yes,497.0,5,no
32.0,technician,divorced,secondary,-399,yes,180.0,1,no
50.0,technician,divorced,secondary,-54,yes,698.0,2,yes
29.0,services,married,primary,-102,no,134.0,1,no
55.0,unemployed,married,tertiary,4809,yes,223.0,2,no
73.0,retired,married,primary,279,no,399.0,3,yes
52.0,technician,married,secondary,11,yes,420.0,1,no
49.0,services,married,secondary,2201,yes,233.0,3,no
63.0,retired,married,primary,8044,no,702.0,1,no
34.0,admin.,married,secondary,2374,yes,161.0,1,yes
32.0,admin.,single,secondary,92,yes,110.0,1,no
49.0,housemaid,married,tertiary,443,no,27.0,6,no
40.0,blue-collar,married,primary,1397,yes,58.0,2,no
53.0,entrepreneur,married,unknown,7,no,68.0,1,no
53.0,technician,married,tertiary,3177,no,92.0,2,no
43.0,blue-collar,married,primary,232,no,45.0,1,no
35.0,management,single,secondary,81,yes,79.0,1,no
35.0,services,single,secondary,414,yes,11.0,5,no
25.0,student,single,tertiary,1433,yes,520.0,1,no
31.0,technician,single,unknown,187,no,86.0,1,no
48.0,management,married,tertiary,0,no,16.0,16,no
40.0,housemaid,married,secondary,4610,no,154.0,2,no
46.0,blue-collar,married,primary,1429,yes,91.0,1,no
30.0,services,single,secondary,334,no,389.0,2,no
47.0,services,married,secondary,2,no,71.0,15,no
23.0,services,single,secondary,500,yes,111.0,3,no
29.0,technician,married,tertiary,43,yes,68.0,2,no
38.0,technician,married,secondary,4030,yes,75.0,2,no
56.0,housemaid,married,primary,306,no,212.0,1,no
52.0,admin.,married,secondary,0,no,91.0,2,no
55.0,retired,married,secondary,168,no,79.0,2,no
43.0,entrepreneur,married,tertiary,210,no,646.0,2,no
34.0,blue-collar,married,secondary,518,yes,206.0,1,no
43.0,management,single,tertiary,1696,yes,257.0,1,yes
55.0,services,married,secondary,-31,no,81.0,2,no
34.0,blue-collar,married,secondary,856,yes,470.0,1,no
34.0,management,single,tertiary,318,yes,133.0,2,no
43.0,self-employed,married,tertiary,64,no,230.0,2,no
39.0,blue-collar,married,primary,800,yes,76.0,6,no
39.0,technician,single,unknown,75,no,26.0,1,no
34.0,technician,single,secondary,347,yes,154.0,2,no
55.0,management,married,tertiary,2366,yes,94.0,4,no
67.0,retired,married,tertiary,701,no,254.0,2,yes
34.0,entrepreneur,married,tertiary,475,yes,1156.0,1,no
47.0,blue-collar,married,secondary,3285,no,248.0,5,no
33.0,blue-collar,married,primary,925,no,884.0,3,no
45.0,entrepreneur,married,secondary,128,no,275.0,2,no
36.0,blue-collar,married,secondary,1587,yes,200.0,2,no
59.0,technician,divorced,secondary,879,yes,228.0,1,no
33.0,services,married,secondary,478,no,475.0,2,yes
52.0,technician,divorced,secondary,280,no,393.0,5,no
53.0,blue-collar,married,primary,1868,no,156.0,4,no
41.0,unemployed,married,primary,819,no,244.0,3,no
45.0,blue-collar,married,secondary,4646,yes,118.0,1,no
60.0,self-employed,single,secondary,27,no,40.0,2,no
32.0,blue-collar,married,secondary,736,yes,700.0,3,no
28.0,management,single,tertiary,224,yes,97.0,3,no
31.0,technician,single,secondary,2544,no,252.0,1,yes
53.0,blue-collar,married,secondary,427,no,360.0,4,no
58.0,management,married,tertiary,2764,no,235.0,1,no
38.0,blue-collar,married,secondary,376,yes,1521.0,1,no
46.0,management,married,tertiary,523,yes,105.0,4,no
53.0,entrepreneur,married,tertiary,71,no,86.0,1,no
56.0,retired,married,secondary,3948,no,484.0,1,no
52.0,services,single,secondary,1810,no,117.0,1,no
38.0,technician,married,secondary,994,no,119.0,1,no
37.0,services,married,primary,52,yes,359.0,1,no
37.0,blue-collar,married,primary,11,no,109.0,8,no
37.0,technician,married,secondary,0,no,236.0,1,no
66.0,retired,married,primary,747,no,203.0,3,no
44.0,blue-collar,married,primary,2657,yes,202.0,2,no
61.0,retired,married,secondary,313,no,42.0,1,no
34.0,admin.,married,secondary,61,no,21.0,1,no
33.0,admin.,single,secondary,2557,yes,186.0,1,no
30.0,services,divorced,secondary,0,yes,172.0,1,no
27.0,services,divorced,secondary,10,yes,527.0,1,no
37.0,services,married,secondary,658,yes,175.0,1,no
38.0,blue-collar,married,primary,1679,yes,21.0,18,no
35.0,management,single,tertiary,0,no,370.0,4,no
50.0,technician,married,secondary,841,yes,54.0,2,no
39.0,management,married,secondary,0,yes,63.0,3,no
35.0,management,married,secondary,1160,yes,116.0,3,no
36.0,admin.,divorced,secondary,-37,yes,151.0,1,no
28.0,services,single,secondary,94,yes,300.0,1,no
39.0,self-employed,married,tertiary,585,yes,48.0,1,no
39.0,self-employed,married,secondary,235,no,217.0,1,no
30.0,blue-collar,single,secondary,2145,yes,727.0,2,yes
32.0,services,married,secondary,1464,yes,193.0,1,no
28.0,technician,married,secondary,232,yes,72.0,1,no
47.0,technician,married,primary,187,yes,165.0,1,no
53.0,management,married,tertiary,12,no,345.0,10,no
57.0,blue-collar,married,primary,318,yes,206.0,2,no
47.0,services,married,secondary,405,no,994.0,2,yes
56.0,management,married,tertiary,334,yes,127.0,2,no
38.0,admin.,married,primary,0,yes,29.0,32,no
52.0,blue-collar,married,primary,2,no,70.0,3,no
46.0,technician,married,secondary,966,yes,40.0,2,no
57.0,blue-collar,married,primary,195,no,185.0,4,no
42.0,blue-collar,divorced,unknown,0,no,64.0,2,no
57.0,unemployed,married,secondary,0,no,97.0,1,no
51.0,housemaid,married,secondary,260,no,316.0,5,no
53.0,self-employed,married,tertiary,451,yes,125.0,1,no
37.0,blue-collar,married,primary,3242,yes,233.0,1,no
47.0,self-employed,divorced,secondary,8515,yes,14.0,7,no
48.0,management,married,tertiary,1808,yes,245.0,1,yes
39.0,blue-collar,married,primary,20,yes,109.0,1,no
42.0,blue-collar,married,secondary,3068,yes,429.0,2,no
36.0,management,married,tertiary,23,no,133.0,11,no
34.0,technician,single,secondary,1076,no,70.0,2,no
61.0,retired,married,primary,1060,yes,118.0,1,no
32.0,admin.,single,secondary,678,yes,1579.0,1,yes
35.0,blue-collar,single,primary,1147,yes,29.0,1,no
54.0,blue-collar,married,secondary,-630,no,173.0,1,no
31.0,management,married,tertiary,459,no,13.0,14,no
45.0,technician,divorced,secondary,976,yes,183.0,1,no
32.0,housemaid,married,tertiary,357,yes,175.0,2,no
52.0,unemployed,married,secondary,-9,no,123.0,1,no
36.0,admin.,single,secondary,1927,yes,288.0,1,no
31.0,services,married,secondary,500,yes,19.0,18,no
53.0,technician,married,secondary,9146,no,136.0,4,no
43.0,entrepreneur,married,secondary,59,no,437.0,2,no
47.0,housemaid,married,primary,0,no,1225.0,2,no
46.0,blue-collar,married,primary,328,yes,526.0,8,no
34.0,management,divorced,secondary,291,no,91.0,2,no
55.0,technician,single,tertiary,-703,yes,123.0,3,no
23.0,admin.,single,secondary,589,yes,62.0,1,no
75.0,blue-collar,married,secondary,6053,no,865.0,2,no
58.0,admin.,married,secondary,1142,no,82.0,3,no
35.0,admin.,married,secondary,725,yes,219.0,7,no
27.0,management,married,tertiary,802,no,569.0,1,yes
24.0,technician,married,secondary,556,yes,460.0,2,yes
48.0,admin.,married,secondary,191,yes,238.0,3,no
31.0,technician,single,secondary,373,no,346.0,5,no
57.0,technician,married,secondary,6164,no,161.0,2,no
53.0,management,married,tertiary,37,no,51.0,9,no
42.0,blue-collar,married,primary,1156,yes,37.0,1,no
50.0,entrepreneur,married,secondary,806,yes,141.0,8,no
59.0,admin.,married,secondary,2381,no,173.0,2,no
38.0,services,married,secondary,-314,yes,66.0,2,no
39.0,blue-collar,married,secondary,285,yes,209.0,1,no
28.0,blue-collar,single,primary,1199,yes,1011.0,20,no
55.0,management,divorced,tertiary,481,yes,147.0,2,no
33.0,technician,single,tertiary,137,no,88.0,4,no
36.0,blue-collar,single,secondary,168,yes,52.0,1,no
38.0,admin.,divorced,secondary,156,yes,544.0,3,no
28.0,admin.,single,secondary,4745,no,360.0,1,yes
32.0,management,single,tertiary,11797,yes,95.0,2,no
35.0,admin.,married,secondary,786,no,322.0,1,no
58.0,technician,married,primary,4015,no,106.0,3,no
30.0,services,married,secondary,0,yes,20.0,1,no
33.0,blue-collar,married,secondary,331,yes,178.0,7,no
36.0,blue-collar,married,secondary,1554,yes,325.0,4,no
32.0,services,married,secondary,132,yes,343.0,2,no
34.0,management,single,tertiary,5086,no,213.0,4,yes
42.0,admin.,married,secondary,529,yes,193.0,3,no
41.0,management,married,tertiary,4824,no,168.0,7,no
63.0,retired,married,secondary,474,no,423.0,1,yes
38.0,admin.,divorced,tertiary,86,yes,218.0,1,no
54.0,blue-collar,married,primary,2281,yes,158.0,1,no
39.0,services,married,secondary,186,yes,433.0,1,no
46.0,blue-collar,married,secondary,137,no,252.0,3,no
37.0,technician,married,tertiary,6968,no,175.0,1,no
76.0,retired,divorced,primary,86,no,192.0,1,no
28.0,management,single,unknown,81,no,158.0,1,no
33.0,services,married,primary,6904,no,114.0,2,no
46.0,self-employed,married,tertiary,137,yes,246.0,1,no
30.0,student,single,secondary,25,no,44.0,1,no
60.0,management,married,tertiary,759,no,136.0,2,no
56.0,housemaid,married,tertiary,1922,yes,247.0,2,no
24.0,student,single,unknown,3298,yes,227.0,1,no
58.0,retired,married,secondary,764,no,219.0,4,no
79.0,retired,married,primary,8556,no,326.0,2,yes
32.0,blue-collar,married,secondary,3514,yes,226.0,2,no
33.0,services,married,primary,0,yes,351.0,2,no
77.0,retired,married,primary,680,no,341.0,4,no
60.0,housemaid,married,primary,0,no,124.0,1,no
54.0,management,married,tertiary,2819,no,123.0,3,no
30.0,blue-collar,married,primary,-518,yes,244.0,6,no
50.0,services,married,secondary,60,no,151.0,8,no
50.0,management,married,secondary,732,no,736.0,7,no
37.0,technician,married,secondary,2707,yes,109.0,1,no
41.0,technician,married,tertiary,177,yes,117.0,2,no
49.0,admin.,married,secondary,13229,no,77.0,2,no
41.0,blue-collar,married,primary,-204,yes,42.0,1,no
40.0,technician,married,secondary,990,yes,252.0,3,no
38.0,blue-collar,married,secondary,648,yes,179.0,1,no
34.0,technician,married,secondary,50,no,106.0,3,no
49.0,entrepreneur,married,secondary,1916,no,281.0,3,no
72.0,retired,married,primary,763,no,384.0,2,yes
34.0,blue-collar,married,secondary,470,yes,217.0,1,no
31.0,technician,married,secondary,0,no,144.0,4,no
33.0,blue-collar,single,secondary,5739,yes,374.0,1,no
31.0,management,married,tertiary,0,no,298.0,1,no
55.0,management,married,tertiary,-375,no,814.0,2,yes
25.0,unemployed,married,secondary,157,yes,33.0,31,no
34.0,management,married,tertiary,1518,yes,128.0,2,no
53.0,management,married,tertiary,1343,no,129.0,4,no
39.0,management,single,tertiary,-401,yes,274.0,4,no
41.0,management,married,primary,5310,yes,984.0,1,yes
32.0,blue-collar,single,secondary,2285,yes,413.0,2,no
29.0,admin.,married,secondary,22171,yes,44.0,1,no
56.0,management,married,tertiary,856,yes,70.0,4,no
19.0,student,single,unknown,1169,no,463.0,18,no
39.0,management,single,tertiary,3797,no,96.0,2,no
32.0,blue-collar,single,secondary,53,yes,276.0,1,no
43.0,blue-collar,married,primary,2519,yes,257.0,2,no
32.0,entrepreneur,married,primary,795,no,131.0,3,no
53.0,admin.,divorced,secondary,0,yes,586.0,2,no
52.0,blue-collar,married,secondary,2087,yes,267.0,1,yes
43.0,technician,single,secondary,34,no,29.0,1,no
48.0,technician,married,secondary,5,no,65.0,6,no
27.0,technician,single,secondary,15,yes,67.0,3,no
27.0,management,single,tertiary,390,no,190.0,1,no
39.0,admin.,single,tertiary,2600,yes,77.0,1,no
33.0,blue-collar,married,secondary,-241,yes,169.0,1,no
50.0,blue-collar,divorced,primary,1545,yes,25.0,1,no
59.0,retired,divorced,secondary,1026,no,669.0,1,yes
58.0,housemaid,married,primary,435,yes,122.0,6,no
54.0,technician,married,tertiary,876,no,269.0,3,yes
60.0,blue-collar,married,secondary,1801,no,167.0,1,no
38.0,management,married,tertiary,2278,yes,244.0,1,no
39.0,blue-collar,married,unknown,157,yes,99.0,6,no
40.0,admin.,married,secondary,1327,yes,76.0,2,no
55.0,blue-collar,married,primary,284,no,252.0,4,no
36.0,management,married,tertiary,495,no,213.0,3,yes
31.0,admin.,single,secondary,1588,yes,14.0,1,no
38.0,services,married,secondary,0,yes,121.0,2,no
52.0,management,married,secondary,428,yes,153.0,1,no
45.0,admin.,married,primary,542,no,8.0,5,no
32.0,blue-collar,married,primary,66,no,244.0,1,no
58.0,blue-collar,divorced,secondary,314,no,67.0,2,no
35.0,management,married,tertiary,24,yes,169.0,1,no
36.0,management,single,tertiary,613,no,86.0,2,no
55.0,retired,married,secondary,1467,no,277.0,2,no
45.0,blue-collar,married,secondary,192,yes,154.0,5,no
49.0,management,married,secondary,321,no,135.0,3,no
44.0,blue-collar,married,secondary,788,yes,392.0,1,no
37.0,blue-collar,divorced,secondary,48,yes,133.0,2,no
35.0,blue-collar,married,secondary,262,no,96.0,2,no
36.0,blue-collar,married,secondary,4438,yes,446.0,1,yes
44.0,services,single,secondary,5045,yes,20.0,6,no
32.0,blue-collar,single,tertiary,3014,yes,291.0,2,no
56.0,management,married,tertiary,21664,no,214.0,8,no
32.0,management,married,tertiary,5878,no,159.0,2,no
35.0,entrepreneur,married,tertiary,2723,yes,275.0,4,no
44.0,management,married,secondary,576,yes,128.0,3,no
59.0,entrepreneur,married,primary,0,no,207.0,2,no
31.0,blue-collar,single,tertiary,2197,yes,146.0,3,no
60.0,blue-collar,married,unknown,104,yes,22.0,1,no
33.0,technician,single,secondary,1279,yes,239.0,2,no
45.0,admin.,married,secondary,295,yes,92.0,1,no
45.0,blue-collar,married,primary,2128,yes,149.0,4,no
57.0,admin.,married,secondary,367,no,107.0,2,no
36.0,management,married,tertiary,1477,no,71.0,2,no
30.0,blue-collar,single,primary,71,yes,122.0,6,no
30.0,admin.,single,secondary,127,yes,16.0,6,no
59.0,unemployed,divorced,secondary,2921,no,251.0,1,no
58.0,management,married,tertiary,16264,no,215.0,3,no
49.0,retired,married,primary,1672,no,128.0,3,no
48.0,technician,married,tertiary,9207,no,445.0,3,no
28.0,technician,single,tertiary,356,no,76.0,2,no
59.0,management,divorced,primary,133,yes,206.0,1,no
40.0,management,married,tertiary,1217,yes,155.0,1,no
32.0,technician,divorced,secondary,202,yes,429.0,1,no
58.0,blue-collar,married,secondary,590,no,133.0,1,no
28.0,self-employed,single,tertiary,442,no,474.0,3,yes
27.0,technician,single,tertiary,808,yes,578.0,1,no
38.0,management,single,tertiary,427,yes,17.0,3,no
53.0,technician,married,tertiary,431,yes,74.0,1,no
60.0,services,married,tertiary,4256,yes,239.0,3,yes
33.0,management,divorced,tertiary,0,yes,275.0,8,no
52.0,services,divorced,secondary,238,yes,101.0,1,no
64.0,retired,married,tertiary,846,no,671.0,1,yes
40.0,blue-collar,single,secondary,3,no,998.0,1,yes
52.0,admin.,married,secondary,693,no,271.0,1,no
28.0,student,single,secondary,0,yes,133.0,3,no
49.0,management,married,secondary,362,yes,84.0,2,no
28.0,technician,single,secondary,618,yes,281.0,1,no
29.0,technician,single,tertiary,2893,yes,250.0,1,no
87.0,retired,married,primary,230,no,144.0,1,yes
37.0,management,divorced,secondary,1287,yes,432.0,1,no
36.0,services,married,primary,179,no,411.0,1,no
35.0,self-employed,married,tertiary,980,no,428.0,2,no
33.0,admin.,married,tertiary,79,yes,249.0,2,yes
60.0,admin.,married,secondary,3043,no,235.0,3,no
25.0,management,single,tertiary,808,no,267.0,2,yes
69.0,retired,married,secondary,745,no,595.0,1,no
41.0,student,married,secondary,1309,no,28.0,4,no
48.0,management,single,secondary,290,yes,257.0,2,no
35.0,blue-collar,divorced,primary,1792,yes,630.0,6,yes
30.0,blue-collar,single,secondary,178,yes,747.0,5,no
59.0,management,married,tertiary,0,no,87.0,4,no
32.0,management,single,tertiary,537,no,187.0,3,no
28.0,blue-collar,single,secondary,416,yes,452.0,2,no
60.0,blue-collar,married,primary,1472,no,36.0,4,no
36.0,management,married,primary,3953,yes,277.0,1,no
32.0,management,single,tertiary,112,yes,118.0,1,no
34.0,management,divorced,tertiary,13204,yes,197.0,2,no
58.0,blue-collar,married,secondary,0,no,101.0,5,no
53.0,management,married,unknown,2240,yes,282.0,2,yes
31.0,management,married,tertiary,22546,yes,8.0,6,no
33.0,admin.,married,secondary,0,yes,1448.0,7,yes
46.0,unemployed,divorced,primary,23,no,344.0,1,no
29.0,blue-collar,married,secondary,228,yes,12.0,8,no
37.0,self-employed,married,secondary,215,yes,61.0,1,no
58.0,blue-collar,married,primary,23,yes,91.0,6,no
34.0,management,married,secondary,293,yes,162.0,3,no
34.0,blue-collar,divorced,secondary,0,no,339.0,1,no
49.0,entrepreneur,married,primary,199,no,113.0,2,no
53.0,admin.,married,secondary,459,no,558.0,1,yes
42.0,unemployed,married,secondary,8131,yes,69.0,1,no
40.0,services,married,secondary,-378,yes,541.0,1,no
30.0,blue-collar,single,primary,395,no,429.0,1,no
31.0,technician,divorced,secondary,10787,yes,135.0,2,no
55.0,admin.,married,secondary,865,yes,96.0,1,no
36.0,management,married,tertiary,340,yes,68.0,2,no
31.0,blue-collar,single,secondary,1882,no,529.0,2,no
26.0,management,married,tertiary,265,no,650.0,2,no
31.0,admin.,married,secondary,389,yes,69.0,1,no
49.0,admin.,married,secondary,0,yes,71.0,7,no
54.0,management,married,tertiary,384,yes,30.0,7,no
47.0,management,divorced,tertiary,94,yes,9.0,19,no
61.0,management,married,secondary,1471,no,331.0,2,no
49.0,blue-collar,married,primary,937,yes,66.0,1,no
51.0,technician,married,secondary,500,yes,26.0,6,no
53.0,blue-collar,married,primary,25,yes,266.0,3,no
35.0,management,married,tertiary,365,no,168.0,2,no
25.0,unemployed,single,secondary,34,no,316.0,1,no
79.0,retired,married,primary,429,no,1006.0,2,yes
53.0,technician,married,primary,6839,yes,77.0,1,no
21.0,student,single,secondary,6,no,622.0,1,no
33.0,blue-collar,married,secondary,467,yes,494.0,2,no
40.0,self-employed,divorced,secondary,1876,no,269.0,1,no
34.0,entrepreneur,married,secondary,1847,yes,543.0,3,no
52.0,unknown,married,primary,247,no,268.0,6,no
27.0,admin.,married,secondary,897,no,397.0,1,yes
57.0,services,divorced,secondary,4664,no,22.0,4,no
51.0,self-employed,divorced,secondary,1291,yes,51.0,2,no
31.0,student,single,tertiary,64,no,208.0,1,no
49.0,unemployed,married,tertiary,-471,yes,77.0,3,no
32.0,management,single,tertiary,1160,yes,450.0,2,no
28.0,admin.,single,tertiary,14,no,201.0,1,no
33.0,blue-collar,married,secondary,26,yes,342.0,3,no
50.0,blue-collar,married,unknown,452,no,181.0,2,no
42.0,blue-collar,single,secondary,382,yes,294.0,1,no
45.0,admin.,married,unknown,2033,no,123.0,1,no
34.0,unemployed,married,secondary,0,yes,172.0,1,no
56.0,admin.,divorced,unknown,789,yes,1022.0,1,no
33.0,blue-collar,single,secondary,142,yes,123.0,1,no
34.0,admin.,married,secondary,645,yes,420.0,1,no
37.0,blue-collar,married,unknown,897,yes,119.0,2,no
37.0,blue-collar,married,secondary,103,yes,153.0,1,no
35.0,admin.,single,secondary,847,yes,85.0,2,no
38.0,unknown,single,tertiary,0,no,260.0,3,yes
32.0,blue-collar,married,secondary,517,yes,528.0,1,no
52.0,technician,single,tertiary,1308,yes,361.0,1,no
49.0,services,married,secondary,66,yes,59.0,4,no
46.0,management,divorced,secondary,361,yes,86.0,7,no
42.0,entrepreneur,married,primary,66,yes,139.0,1,no
36.0,blue-collar,married,unknown,70,yes,219.0,4,no
32.0,services,married,secondary,180,yes,45.0,2,no
49.0,technician,married,tertiary,279,yes,168.0,4,no
46.0,services,married,secondary,4,no,268.0,1,yes
40.0,entrepreneur,married,secondary,1416,yes,210.0,2,no
36.0,admin.,married,secondary,465,yes,160.0,1,no
36.0,admin.,married,secondary,998,yes,1044.0,2,no
34.0,technician,married,secondary,550,no,601.0,1,no
46.0,management,married,tertiary,1285,yes,89.0,1,no
32.0,services,married,tertiary,4908,no,491.0,2,no
32.0,unemployed,single,tertiary,336,yes,139.0,1,no
32.0,management,single,tertiary,131,no,267.0,3,no
43.0,management,married,tertiary,348,no,88.0,3,no
25.0,self-employed,single,tertiary,453,yes,134.0,1,no
55.0,admin.,married,secondary,1102,yes,126.0,2,no
24.0,admin.,single,secondary,926,yes,191.0,1,no
40.0,management,divorced,tertiary,502,yes,267.0,4,no
38.0,management,single,tertiary,8669,yes,5.0,3,no
48.0,blue-collar,single,primary,316,no,560.0,2,no
36.0,management,married,tertiary,9324,yes,138.0,8,no
57.0,management,married,tertiary,0,no,188.0,4,no
45.0,admin.,married,secondary,72,yes,262.0,2,no
33.0,self-employed,single,tertiary,61,no,836.0,3,yes
38.0,technician,single,secondary,173,no,150.0,4,no
26.0,services,single,secondary,-162,yes,44.0,2,no
30.0,management,single,tertiary,47,no,11.0,17,no
55.0,services,divorced,tertiary,1983,yes,123.0,1,no
34.0,blue-collar,married,secondary,326,yes,150.0,2,no
60.0,admin.,married,secondary,2552,no,255.0,2,no
36.0,management,single,tertiary,1283,no,92.0,5,no
65.0,housemaid,married,primary,2179,yes,112.0,7,no
39.0,self-employed,married,tertiary,1047,no,554.0,1,yes
52.0,blue-collar,married,primary,36,no,109.0,2,no
55.0,technician,married,secondary,-308,no,781.0,1,yes
26.0,management,single,tertiary,1177,no,116.0,1,no
40.0,self-employed,married,primary,2077,yes,363.0,1,no
52.0,entrepreneur,married,secondary,0,no,82.0,2,no
29.0,self-employed,married,tertiary,1,no,167.0,3,no
41.0,blue-collar,married,primary,7735,yes,220.0,1,no
30.0,technician,single,tertiary,1922,yes,546.0,1,no
28.0,student,single,secondary,153,no,1124.0,2,yes
26.0,blue-collar,married,secondary,2770,yes,141.0,1,no
58.0,management,married,secondary,139,no,188.0,1,no
29.0,management,single,tertiary,21,yes,107.0,4,no
48.0,technician,married,secondary,178,yes,320.0,4,no
35.0,blue-collar,married,secondary,444,yes,244.0,3,no
26.0,services,single,secondary,209,yes,319.0,2,no
49.0,blue-collar,married,unknown,3096,no,147.0,2,no
34.0,admin.,married,secondary,5320,no,114.0,6,no
32.0,services,married,secondary,4885,yes,400.0,2,no
31.0,admin.,married,secondary,0,yes,79.0,3,no
48.0,unemployed,married,primary,5462,no,29.0,4,no
40.0,blue-collar,married,secondary,6767,yes,97.0,2,no
42.0,technician,divorced,secondary,2974,yes,187.0,5,no
48.0,technician,married,secondary,427,no,201.0,1,no
38.0,services,married,secondary,8876,no,280.0,1,no
53.0,management,married,tertiary,146,no,150.0,1,no
59.0,retired,divorced,secondary,319,no,129.0,1,no
28.0,unemployed,single,secondary,304,no,516.0,1,no
41.0,blue-collar,married,primary,389,yes,127.0,2,no
50.0,management,single,primary,766,no,174.0,2,no
31.0,admin.,married,secondary,0,yes,82.0,5,no
30.0,technician,single,secondary,3107,yes,1516.0,2,no
59.0,admin.,divorced,secondary,174,yes,204.0,1,no
33.0,technician,divorced,secondary,-305,no,109.0,1,no
35.0,self-employed,married,secondary,670,no,378.0,1,no
30.0,management,single,tertiary,6164,yes,152.0,11,no
71.0,retired,married,secondary,2850,no,185.0,1,yes
30.0,services,single,primary,79,yes,317.0,1,no
24.0,services,married,secondary,110,yes,27.0,1,no
34.0,technician,single,secondary,5039,no,205.0,6,no
34.0,blue-collar,married,secondary,360,yes,46.0,1,no
52.0,admin.,married,secondary,199,no,978.0,2,no
33.0,self-employed,single,secondary,238,yes,45.0,5,no
38.0,blue-collar,married,secondary,5092,yes,145.0,6,no
41.0,admin.,divorced,secondary,1088,yes,138.0,1,no
42.0,management,divorced,tertiary,221,yes,720.0,2,no
38.0,blue-collar,divorced,secondary,889,no,362.0,1,no
48.0,blue-collar,married,primary,750,yes,90.0,6,no
34.0,technician,single,secondary,0,yes,214.0,1,no
46.0,blue-collar,married,primary,1291,yes,142.0,3,no
33.0,technician,married,secondary,1844,yes,241.0,3,no
40.0,management,married,tertiary,89,yes,148.0,6,no
36.0,admin.,married,secondary,4280,no,227.0,6,no
32.0,technician,single,secondary,0,no,126.0,2,no
33.0,blue-collar,married,secondary,625,yes,410.0,1,no
55.0,technician,married,unknown,574,yes,243.0,2,no
58.0,management,married,primary,320,yes,171.0,2,no
25.0,technician,single,tertiary,468,yes,147.0,1,no
47.0,services,married,secondary,440,yes,91.0,1,no
40.0,unemployed,married,secondary,0,yes,332.0,1,no
59.0,retired,married,secondary,5706,yes,471.0,2,no
40.0,management,married,tertiary,7780,no,364.0,1,no
30.0,management,married,secondary,-559,yes,98.0,1,no
25.0,entrepreneur,single,tertiary,16874,yes,117.0,2,no
58.0,retired,married,primary,1987,no,185.0,4,no
39.0,entrepreneur,married,unknown,98,yes,59.0,3,no
40.0,self-employed,married,tertiary,642,no,147.0,3,no
38.0,blue-collar,married,secondary,526,yes,553.0,2,no
66.0,management,single,tertiary,6483,no,275.0,1,no
47.0,management,married,tertiary,2306,no,239.0,4,yes
37.0,blue-collar,married,secondary,954,yes,402.0,9,no
36.0,management,single,tertiary,-679,yes,172.0,1,no
50.0,blue-collar,married,primary,-1,no,195.0,2,no
76.0,retired,married,primary,2590,no,68.0,12,no
58.0,management,single,tertiary,331,no,82.0,3,no
42.0,admin.,married,secondary,4209,yes,57.0,6,no
58.0,services,divorced,secondary,462,no,495.0,1,yes
28.0,self-employed,single,tertiary,0,yes,479.0,1,no
41.0,technician,married,secondary,0,no,141.0,2,no
30.0,management,married,tertiary,151,no,82.0,4,no
32.0,management,divorced,tertiary,883,yes,798.0,1,yes
27.0,services,single,secondary,266,no,232.0,1,no
48.0,management,married,tertiary,0,no,60.0,5,no
36.0,technician,married,tertiary,491,yes,103.0,3,no
54.0,management,married,tertiary,3,no,443.0,1,no
36.0,blue-collar,married,secondary,198,yes,400.0,2,no
52.0,housemaid,married,secondary,14363,no,132.0,1,no
34.0,technician,divorced,secondary,0,yes,374.0,16,no
43.0,technician,married,secondary,136,no,363.0,7,yes
32.0,management,single,tertiary,28,no,111.0,2,no
33.0,management,single,tertiary,335,no,130.0,4,no
51.0,housemaid,married,unknown,174,no,308.0,3,no
39.0,unemployed,married,secondary,270,yes,116.0,1,no
44.0,management,single,tertiary,1206,no,160.0,2,no
49.0,housemaid,divorced,primary,198,yes,205.0,3,no
25.0,technician,married,tertiary,914,yes,185.0,2,no
39.0,self-employed,married,secondary,31,yes,61.0,2,no
54.0,technician,married,secondary,0,no,159.0,2,no
32.0,management,single,tertiary,347,yes,213.0,1,no
36.0,management,married,tertiary,860,yes,294.0,15,no
54.0,technician,married,secondary,89,yes,140.0,3,no
31.0,technician,married,secondary,0,yes,71.0,1,no
45.0,services,married,secondary,0,no,47.0,7,no
31.0,admin.,single,secondary,68,yes,570.0,2,no
45.0,technician,married,secondary,-149,yes,287.0,2,no
33.0,services,divorced,secondary,2411,yes,130.0,1,yes
43.0,unknown,single,tertiary,2731,no,11.0,7,no
50.0,management,married,tertiary,112,yes,70.0,5,no
44.0,management,divorced,tertiary,0,no,54.0,2,no
42.0,services,married,secondary,3620,yes,22.0,16,no
26.0,blue-collar,single,secondary,179,no,103.0,3,no
47.0,admin.,single,secondary,1544,yes,104.0,1,no
48.0,blue-collar,married,primary,199,no,29.0,2,no
60.0,blue-collar,married,unknown,231,yes,57.0,2,no
27.0,admin.,divorced,secondary,76,yes,236.0,1,no
30.0,unemployed,single,tertiary,302,no,528.0,3,yes
28.0,admin.,single,secondary,189,yes,68.0,2,no
58.0,retired,married,primary,565,no,876.0,1,yes
37.0,entrepreneur,married,tertiary,310,no,76.0,1,no
36.0,services,married,secondary,1746,yes,99.0,1,no
39.0,technician,married,secondary,6,yes,122.0,3,no
52.0,unemployed,married,primary,-110,no,141.0,1,no
55.0,retired,married,secondary,2749,yes,58.0,2,no
30.0,management,single,tertiary,6495,no,78.0,3,no
36.0,blue-collar,single,secondary,35,yes,435.0,3,no
39.0,admin.,married,secondary,-650,no,123.0,2,no
47.0,blue-collar,married,primary,292,no,210.0,3,no
42.0,housemaid,single,primary,5774,yes,54.0,2,no
42.0,management,married,secondary,2416,yes,138.0,4,no
58.0,retired,married,secondary,35,no,336.0,7,no
68.0,retired,married,secondary,19317,yes,249.0,1,yes
43.0,technician,married,secondary,50,no,63.0,1,no
44.0,blue-collar,married,secondary,-674,yes,257.0,1,no
49.0,technician,married,tertiary,3726,no,875.0,2,yes
57.0,retired,married,tertiary,1180,yes,191.0,2,no
61.0,self-employed,divorced,tertiary,6610,no,481.0,2,yes
36.0,admin.,single,secondary,319,yes,120.0,2,no
31.0,blue-collar,married,secondary,1545,yes,207.0,1,no
51.0,technician,married,tertiary,1315,no,303.0,2,no
31.0,technician,single,tertiary,424,no,93.0,2,no
56.0,blue-collar,married,primary,151,no,128.0,1,no
30.0,technician,single,tertiary,-970,no,194.0,2,no
38.0,services,married,secondary,-762,yes,408.0,2,no
35.0,services,married,secondary,181,yes,5.0,3,no
31.0,blue-collar,married,unknown,-120,yes,231.0,2,no
39.0,admin.,divorced,secondary,1022,yes,20.0,3,no
50.0,management,married,tertiary,78,yes,218.0,3,no
39.0,technician,married,tertiary,209,no,36.0,2,no
26.0,admin.,married,secondary,2469,no,136.0,8,no
55.0,technician,married,secondary,0,no,336.0,1,no
43.0,blue-collar,divorced,primary,328,no,192.0,1,no
34.0,housemaid,married,tertiary,0,no,141.0,1,no
51.0,self-employed,married,primary,307,yes,65.0,2,no
31.0,management,married,tertiary,1384,yes,203.0,2,no
32.0,management,married,tertiary,0,no,104.0,9,no
53.0,technician,married,secondary,719,yes,230.0,1,no
44.0,management,divorced,tertiary,0,no,71.0,1,no
38.0,entrepreneur,married,tertiary,6704,yes,205.0,2,no
47.0,self-employed,married,tertiary,4543,yes,162.0,1,no
36.0,management,married,tertiary,0,yes,145.0,2,no
30.0,management,single,tertiary,149,yes,220.0,2,no
46.0,blue-collar,married,secondary,-1400,yes,309.0,3,no
33.0,entrepreneur,married,secondary,-118,yes,421.0,3,no
43.0,blue-collar,married,secondary,2160,no,261.0,1,yes
38.0,management,married,tertiary,3452,no,132.0,2,no
27.0,technician,single,secondary,842,no,273.0,1,no
38.0,management,married,unknown,3576,no,349.0,2,yes
41.0,unemployed,married,tertiary,1666,no,291.0,3,no
29.0,technician,married,secondary,0,yes,83.0,6,no
39.0,services,married,secondary,0,yes,793.0,2,no
42.0,blue-collar,single,primary,1628,yes,119.0,1,no
47.0,services,married,secondary,51,yes,312.0,1,no
30.0,blue-collar,single,secondary,447,no,103.0,6,no
34.0,admin.,married,secondary,396,yes,101.0,3,no
45.0,housemaid,married,primary,4994,no,48.0,1,no
43.0,admin.,married,secondary,3215,yes,228.0,3,no
59.0,blue-collar,married,primary,2814,no,81.0,3,no
50.0,technician,married,secondary,0,no,152.0,2,no
39.0,blue-collar,married,secondary,293,yes,160.0,3,no
36.0,technician,married,secondary,474,yes,59.0,1,no
44.0,blue-collar,married,secondary,16178,yes,297.0,1,no
36.0,technician,married,tertiary,0,no,147.0,2,no
27.0,management,single,tertiary,88,no,143.0,1,no
29.0,services,married,secondary,308,yes,75.0,1,no
70.0,retired,married,secondary,1164,no,338.0,3,no
44.0,management,married,tertiary,13893,no,29.0,2,no
55.0,management,married,tertiary,0,yes,159.0,2,no
36.0,technician,divorced,secondary,-435,yes,85.0,8,no
28.0,technician,single,secondary,389,yes,15.0,7,no
50.0,management,divorced,tertiary,356,no,198.0,2,no
49.0,technician,married,secondary,2718,no,114.0,2,no
71.0,retired,divorced,tertiary,261,no,1117.0,2,no
31.0,admin.,single,secondary,757,no,343.0,2,no
45.0,management,single,tertiary,16,no,59.0,2,no
42.0,blue-collar,married,secondary,-422,no,31.0,1,no
45.0,admin.,married,secondary,248,no,212.0,2,no
47.0,technician,married,primary,145,yes,157.0,6,no
60.0,retired,divorced,secondary,598,no,96.0,1,no
35.0,management,married,tertiary,949,yes,245.0,2,no
31.0,technician,single,tertiary,614,no,72.0,4,no
33.0,blue-collar,married,primary,1209,yes,700.0,1,no
50.0,self-employed,married,tertiary,202,yes,107.0,1,no
51.0,blue-collar,married,secondary,1840,yes,312.0,3,no
34.0,technician,married,secondary,114,yes,153.0,1,no
56.0,services,married,secondary,-229,no,55.0,10,no
29.0,services,married,secondary,182,yes,38.0,3,no
31.0,blue-collar,married,secondary,401,no,96.0,3,no
44.0,technician,divorced,unknown,759,yes,397.0,1,no
55.0,retired,married,secondary,4194,no,208.0,3,no
35.0,student,single,unknown,0,no,122.0,3,no
36.0,technician,married,tertiary,629,yes,109.0,1,no
54.0,retired,married,secondary,153,yes,74.0,1,no
32.0,management,married,tertiary,553,yes,72.0,1,no
36.0,management,divorced,tertiary,1057,no,383.0,2,no
60.0,retired,married,secondary,78,yes,113.0,3,no
32.0,technician,single,secondary,-28,no,400.0,1,no
57.0,management,married,tertiary,929,no,387.0,8,no
34.0,blue-collar,married,primary,428,yes,59.0,2,no
27.0,student,single,secondary,268,yes,528.0,1,no
52.0,management,single,tertiary,83,no,1223.0,6,yes
45.0,admin.,divorced,unknown,998,yes,38.0,2,no
58.0,admin.,single,secondary,2223,no,1139.0,2,no
39.0,blue-collar,single,primary,6,yes,286.0,2,no
48.0,blue-collar,single,secondary,312,yes,369.0,2,no
36.0,management,single,secondary,0,no,333.0,5,no
31.0,technician,single,secondary,691,yes,198.0,1,no
41.0,management,married,tertiary,771,yes,106.0,8,no
30.0,self-employed,single,secondary,192,no,423.0,1,no
57.0,retired,married,tertiary,0,no,116.0,4,no
29.0,admin.,single,secondary,1070,yes,30.0,1,yes
29.0,services,divorced,secondary,84,yes,1101.0,2,yes
30.0,management,single,tertiary,2,no,102.0,1,no
44.0,management,married,tertiary,1242,yes,384.0,6,no
33.0,student,single,unknown,5969,no,156.0,2,no
56.0,admin.,divorced,secondary,3337,yes,99.0,3,no
26.0,services,single,secondary,1347,no,280.0,6,yes
52.0,technician,married,secondary,64,no,20.0,2,no
32.0,management,single,secondary,249,yes,258.0,1,no
36.0,technician,single,secondary,0,no,85.0,6,no
26.0,blue-collar,married,secondary,128,no,355.0,1,no
37.0,blue-collar,married,secondary,196,yes,66.0,3,no
34.0,technician,married,secondary,351,yes,467.0,1,no
26.0,services,single,secondary,5533,yes,582.0,2,no
32.0,services,married,secondary,38,yes,744.0,1,yes
30.0,management,single,tertiary,35,no,185.0,4,no
27.0,technician,single,secondary,235,yes,13.0,5,no
42.0,admin.,single,secondary,30,yes,98.0,1,no
33.0,blue-collar,single,primary,92,yes,127.0,1,no
37.0,blue-collar,married,secondary,67,no,45.0,2,no
45.0,blue-collar,married,secondary,4022,yes,244.0,3,no
36.0,entrepreneur,married,tertiary,3057,no,2769.0,4,yes
39.0,management,single,tertiary,0,yes,561.0,4,no
33.0,management,single,tertiary,349,no,182.0,1,no
47.0,services,married,secondary,2322,no,618.0,1,no
49.0,entrepreneur,married,secondary,167,yes,198.0,3,no
46.0,management,divorced,secondary,558,no,126.0,6,no
31.0,services,married,secondary,-230,yes,715.0,1,no
43.0,unemployed,divorced,secondary,4094,yes,63.0,1,no
30.0,blue-collar,single,secondary,239,yes,412.0,1,yes
43.0,management,divorced,tertiary,497,no,66.0,1,no
42.0,blue-collar,married,secondary,179,yes,96.0,1,no
30.0,admin.,single,tertiary,305,no,633.0,1,yes
33.0,management,single,tertiary,-67,yes,364.0,1,no
41.0,admin.,married,secondary,4539,no,298.0,3,no
29.0,blue-collar,single,secondary,770,yes,341.0,1,no
38.0,unemployed,married,secondary,-673,yes,364.0,1,no
29.0,technician,married,tertiary,858,yes,234.0,7,no
80.0,housemaid,married,primary,0,no,639.0,1,yes
38.0,management,single,tertiary,5244,no,310.0,4,no
36.0,blue-collar,divorced,primary,117,yes,123.0,4,no
38.0,self-employed,married,tertiary,846,no,253.0,1,no
44.0,management,married,secondary,0,yes,96.0,2,no
31.0,management,married,tertiary,1331,no,297.0,1,yes
31.0,services,single,secondary,31,yes,501.0,2,no
57.0,admin.,divorced,primary,179,yes,67.0,1,no
37.0,blue-collar,married,primary,543,yes,281.0,1,no
50.0,blue-collar,married,secondary,253,yes,475.0,2,no
60.0,retired,married,primary,71188,no,205.0,1,no
51.0,management,married,tertiary,5108,yes,272.0,1,no
48.0,blue-collar,married,secondary,1738,yes,349.0,1,no
42.0,blue-collar,married,primary,-97,yes,216.0,4,no
36.0,blue-collar,married,secondary,199,yes,183.0,1,no
43.0,management,married,tertiary,489,yes,130.0,1,no
31.0,admin.,married,primary,355,yes,61.0,6,no
49.0,technician,single,secondary,-97,yes,92.0,2,no
35.0,management,divorced,tertiary,473,no,37.0,2,no
44.0,entrepreneur,married,secondary,6649,yes,354.0,2,no
34.0,self-employed,married,tertiary,263,no,203.0,1,no
46.0,blue-collar,married,secondary,781,no,152.0,1,no
49.0,blue-collar,married,primary,1032,yes,41.0,5,no
32.0,blue-collar,married,secondary,119,no,20.0,5,no
35.0,management,divorced,tertiary,434,yes,277.0,1,no
51.0,admin.,married,secondary,2967,no,83.0,2,no
57.0,retired,divorced,secondary,-331,yes,531.0,1,no
59.0,management,married,tertiary,1585,no,91.0,5,no
40.0,services,divorced,unknown,4384,yes,315.0,1,no
49.0,management,single,tertiary,588,no,70.0,9,no
51.0,management,married,secondary,3180,yes,384.0,1,no
35.0,admin.,married,secondary,0,no,105.0,3,no
29.0,self-employed,married,secondary,-76,yes,305.0,2,no
32.0,services,single,secondary,152,yes,158.0,2,yes
37.0,housemaid,divorced,secondary,1040,yes,199.0,1,no
49.0,unemployed,married,primary,-384,yes,25.0,1,no
45.0,technician,married,unknown,473,yes,147.0,1,no
34.0,technician,single,secondary,475,yes,538.0,8,no
53.0,technician,married,secondary,0,no,77.0,9,no
42.0,entrepreneur,married,primary,149,no,94.0,2,no
43.0,technician,married,secondary,3285,yes,1721.0,2,yes
52.0,retired,married,secondary,424,no,143.0,1,no
34.0,blue-collar,single,secondary,79,no,104.0,1,no
34.0,technician,divorced,tertiary,674,yes,587.0,2,yes
27.0,services,married,secondary,0,yes,1608.0,13,yes
43.0,unemployed,married,tertiary,58,yes,48.0,4,no
41.0,technician,married,tertiary,532,yes,74.0,1,no
72.0,retired,married,secondary,4130,no,427.0,1,no
35.0,blue-collar,married,primary,422,yes,73.0,1,no
41.0,management,married,tertiary,437,yes,14.0,21,no
36.0,blue-collar,divorced,primary,-308,yes,725.0,1,yes
51.0,housemaid,married,primary,30,yes,333.0,2,no
37.0,self-employed,married,tertiary,137,no,244.0,6,no
42.0,admin.,single,secondary,-247,yes,519.0,1,yes
26.0,admin.,single,secondary,321,yes,242.0,7,no
23.0,services,single,secondary,250,yes,222.0,1,no
50.0,management,married,tertiary,-470,yes,130.0,2,no
37.0,blue-collar,married,secondary,140,yes,490.0,1,no
35.0,management,married,tertiary,2793,no,258.0,2,no
37.0,management,married,tertiary,410,no,337.0,2,no
79.0,retired,divorced,unknown,2628,no,220.0,7,no
39.0,technician,married,secondary,116,no,79.0,2,no
47.0,services,married,secondary,0,yes,250.0,1,no
44.0,blue-collar,married,secondary,878,yes,130.0,1,no
36.0,management,single,tertiary,2944,no,882.0,8,yes
33.0,blue-collar,single,secondary,3975,yes,515.0,1,no
42.0,services,married,secondary,96,yes,238.0,3,no
35.0,technician,single,tertiary,2288,no,32.0,2,no
31.0,blue-collar,married,secondary,472,yes,907.0,2,no
58.0,services,married,primary,65,no,162.0,1,no
46.0,management,married,tertiary,0,no,70.0,2,no
41.0,admin.,single,secondary,400,yes,99.0,6,no
58.0,technician,married,secondary,7495,yes,325.0,1,no
31.0,unemployed,married,secondary,24,yes,631.0,1,no
55.0,technician,divorced,secondary,3450,no,169.0,1,yes
38.0,technician,single,secondary,311,yes,61.0,2,no
55.0,housemaid,married,secondary,139,no,256.0,2,no
47.0,management,single,tertiary,0,no,58.0,3,no
51.0,housemaid,married,primary,492,yes,142.0,3,no
46.0,management,single,tertiary,334,yes,36.0,6,no
61.0,management,married,tertiary,997,no,106.0,1,yes
47.0,management,single,tertiary,440,no,71.0,4,no
34.0,technician,married,secondary,47,no,132.0,6,no
34.0,blue-collar,married,secondary,1298,yes,120.0,1,no
41.0,management,divorced,tertiary,3355,no,181.0,2,no
36.0,blue-collar,divorced,secondary,-11,no,152.0,2,no
26.0,blue-collar,single,secondary,396,yes,302.0,1,no
35.0,management,married,tertiary,8,no,93.0,3,yes
36.0,blue-collar,married,secondary,1409,no,235.0,2,no
26.0,management,single,tertiary,170,no,129.0,1,yes
58.0,management,married,primary,2769,yes,94.0,2,no
50.0,blue-collar,married,secondary,2320,yes,310.0,1,no
61.0,retired,married,secondary,76,yes,195.0,7,no
49.0,blue-collar,single,primary,3018,yes,93.0,1,no
74.0,retired,married,secondary,921,no,394.0,2,yes
53.0,blue-collar,married,secondary,483,yes,288.0,3,no
46.0,self-employed,married,secondary,390,yes,208.0,2,no
47.0,management,married,tertiary,0,no,508.0,1,yes
42.0,blue-collar,single,primary,92,no,86.0,2,no
56.0,services,married,secondary,22196,yes,189.0,1,no
42.0,technician,married,secondary,2,no,249.0,2,no
49.0,housemaid,married,primary,249,yes,450.0,1,no
43.0,unemployed,single,unknown,3274,yes,680.0,1,no
39.0,services,married,secondary,5731,yes,175.0,2,no
66.0,retired,married,primary,206,no,479.0,1,yes
30.0,technician,single,tertiary,2325,no,270.0,3,no
38.0,management,single,tertiary,0,no,164.0,1,no
31.0,blue-collar,married,secondary,1664,yes,158.0,1,no
32.0,technician,married,secondary,3333,no,50.0,4,no
48.0,technician,married,secondary,7020,no,80.0,2,no
34.0,admin.,married,tertiary,37,no,45.0,1,no
28.0,student,single,secondary,28,no,220.0,2,no
40.0,admin.,single,secondary,1670,yes,161.0,2,no
36.0,entrepreneur,married,secondary,134,no,98.0,1,no
52.0,retired,married,secondary,603,no,79.0,1,no
46.0,admin.,married,primary,276,yes,157.0,2,no
25.0,technician,single,secondary,2157,yes,339.0,1,no
40.0,blue-collar,married,primary,3658,yes,977.0,1,no
26.0,management,divorced,tertiary,-402,no,127.0,2,no
26.0,blue-collar,single,primary,3342,yes,329.0,4,no
35.0,self-employed,single,secondary,1732,no,1441.0,3,no
40.0,admin.,single,secondary,263,yes,231.0,1,no
31.0,management,married,tertiary,623,yes,96.0,2,no
32.0,admin.,married,secondary,3540,yes,213.0,1,no
33.0,admin.,married,secondary,95,yes,335.0,1,yes
53.0,services,divorced,secondary,765,yes,959.0,3,yes
46.0,technician,divorced,secondary,-824,yes,429.0,3,yes
28.0,management,single,tertiary,5549,no,383.0,6,no
31.0,blue-collar,married,secondary,191,yes,40.0,1,no
44.0,blue-collar,married,primary,420,yes,110.0,2,no
35.0,admin.,married,secondary,0,no,326.0,1,no
50.0,technician,divorced,unknown,2706,yes,179.0,3,no
32.0,technician,married,secondary,4,yes,132.0,8,no
51.0,admin.,married,secondary,423,yes,95.0,1,no
51.0,management,married,tertiary,-892,yes,248.0,2,no
31.0,blue-collar,married,unknown,-120,yes,100.0,3,no
41.0,admin.,divorced,secondary,-365,yes,226.0,10,no
57.0,technician,married,tertiary,27069,no,174.0,3,no
34.0,management,single,tertiary,8038,yes,29.0,3,no
47.0,technician,married,secondary,-938,yes,176.0,2,no
47.0,admin.,divorced,secondary,1139,yes,106.0,2,no
36.0,self-employed,married,secondary,189,yes,136.0,1,no
29.0,housemaid,single,tertiary,19,no,110.0,2,yes
39.0,technician,married,secondary,3663,no,230.0,3,no
53.0,blue-collar,single,unknown,0,no,140.0,7,no
47.0,blue-collar,married,secondary,-614,yes,118.0,2,no
51.0,technician,divorced,secondary,2323,yes,151.0,10,no
48.0,blue-collar,married,secondary,425,yes,693.0,2,no
32.0,technician,married,secondary,5122,no,31.0,1,no
36.0,management,divorced,tertiary,608,no,125.0,2,no
50.0,unknown,married,primary,341,yes,670.0,4,yes
39.0,admin.,married,secondary,607,yes,454.0,2,yes
31.0,blue-collar,married,secondary,1495,yes,159.0,3,no
49.0,admin.,married,secondary,381,no,504.0,2,no
33.0,unemployed,divorced,secondary,385,no,29.0,28,no
26.0,management,single,tertiary,1274,yes,190.0,1,no
27.0,blue-collar,married,secondary,362,yes,332.0,2,no
51.0,blue-collar,married,primary,377,yes,143.0,4,no
26.0,admin.,single,secondary,802,no,77.0,1,no
45.0,admin.,married,secondary,194,no,517.0,4,no
54.0,technician,married,secondary,-315,no,2029.0,1,yes
49.0,technician,married,tertiary,1843,yes,269.0,1,no
47.0,technician,married,secondary,-9,no,457.0,2,no
42.0,housemaid,married,primary,83,no,184.0,1,no
50.0,entrepreneur,married,tertiary,433,yes,47.0,4,no
37.0,admin.,married,secondary,-107,yes,158.0,2,no
54.0,blue-collar,married,primary,4503,no,168.0,3,no
40.0,services,married,secondary,51,yes,50.0,1,no
50.0,services,married,secondary,961,no,757.0,4,no
57.0,retired,married,secondary,49,yes,93.0,4,no
33.0,technician,married,secondary,3470,no,285.0,2,no
49.0,technician,married,secondary,-147,yes,390.0,1,no
35.0,services,married,secondary,0,yes,146.0,2,no
28.0,blue-collar,single,secondary,0,yes,386.0,1,no
58.0,management,married,tertiary,172,no,145.0,7,no
31.0,admin.,single,secondary,-407,no,230.0,1,no
36.0,management,divorced,tertiary,649,no,237.0,2,no
49.0,blue-collar,single,primary,1040,no,474.0,2,no
30.0,unemployed,married,secondary,142,yes,350.0,4,no
29.0,services,single,secondary,209,yes,487.0,7,no
50.0,management,married,unknown,3304,no,1009.0,2,no
26.0,student,single,tertiary,294,no,87.0,1,yes
27.0,housemaid,married,secondary,4848,yes,82.0,3,no
32.0,blue-collar,single,secondary,1670,yes,183.0,1,no
62.0,unknown,married,secondary,367,no,139.0,5,no
34.0,blue-collar,single,secondary,13683,yes,115.0,3,no
25.0,admin.,single,tertiary,1420,no,124.0,2,no
34.0,management,single,tertiary,340,yes,633.0,28,no
44.0,technician,single,secondary,1679,no,718.0,1,yes
38.0,management,married,tertiary,1198,yes,63.0,1,no
57.0,admin.,married,secondary,169,no,180.0,1,no
36.0,self-employed,married,tertiary,506,no,47.0,1,no
41.0,entrepreneur,married,secondary,1249,yes,391.0,1,no
36.0,management,single,tertiary,678,no,85.0,3,no
27.0,management,single,tertiary,212,yes,373.0,1,no
37.0,technician,divorced,secondary,23,no,289.0,2,no
47.0,management,single,tertiary,4402,no,805.0,1,yes
31.0,services,divorced,primary,459,yes,623.0,1,yes
39.0,self-employed,married,secondary,4722,yes,483.0,1,no
35.0,admin.,divorced,tertiary,1555,yes,26.0,2,no
40.0,blue-collar,married,secondary,61,yes,112.0,3,no
38.0,management,single,tertiary,0,yes,213.0,2,no
31.0,technician,married,secondary,3706,yes,129.0,1,no
36.0,blue-collar,married,primary,1177,no,330.0,1,yes
53.0,management,married,primary,2096,no,104.0,1,no
59.0,blue-collar,married,primary,748,no,184.0,1,no
29.0,management,single,tertiary,3357,no,120.0,3,no
30.0,admin.,single,secondary,3809,yes,159.0,4,no
52.0,admin.,married,secondary,395,yes,391.0,3,no
55.0,blue-collar,married,secondary,1011,yes,112.0,2,no
56.0,blue-collar,married,primary,420,yes,76.0,1,no
32.0,admin.,married,secondary,76,yes,189.0,2,no
24.0,blue-collar,married,secondary,0,no,94.0,1,no
51.0,blue-collar,married,primary,844,yes,184.0,3,no
36.0,management,married,tertiary,1318,yes,100.0,2,no
36.0,technician,married,tertiary,167,yes,57.0,1,no
42.0,management,married,tertiary,2187,yes,525.0,3,yes
49.0,admin.,married,secondary,14440,yes,60.0,1,no
48.0,management,married,secondary,2294,yes,251.0,11,no
36.0,management,married,secondary,80,yes,251.0,3,no
48.0,management,married,primary,2537,no,219.0,6,no
30.0,technician,married,tertiary,569,no,976.0,12,yes
27.0,management,single,tertiary,0,no,46.0,1,no
38.0,entrepreneur,married,tertiary,0,yes,185.0,3,no
36.0,technician,single,secondary,12,no,587.0,2,yes
45.0,technician,married,secondary,49,no,65.0,2,no
44.0,housemaid,married,tertiary,460,no,491.0,1,no
42.0,technician,married,secondary,613,yes,432.0,2,no
37.0,entrepreneur,married,tertiary,7944,no,102.0,1,no
48.0,blue-collar,married,secondary,1143,yes,264.0,1,no
57.0,retired,married,primary,-464,yes,75.0,1,no
44.0,services,married,secondary,1989,yes,106.0,2,no
48.0,technician,married,secondary,17,yes,81.0,1,no
56.0,retired,married,primary,-1,no,89.0,23,no
37.0,management,married,tertiary,1698,yes,95.0,2,no
47.0,blue-collar,married,secondary,5306,yes,322.0,1,no
54.0,housemaid,married,unknown,0,no,94.0,5,no
51.0,retired,divorced,secondary,1679,no,417.0,1,yes
47.0,admin.,married,secondary,3676,no,567.0,1,yes
25.0,management,married,tertiary,-242,yes,600.0,4,yes
39.0,services,single,secondary,471,no,5.0,1,no
40.0,management,married,tertiary,8902,yes,464.0,5,no
38.0,management,single,tertiary,1704,no,222.0,1,no
34.0,management,married,tertiary,3050,yes,469.0,1,yes
53.0,housemaid,married,primary,2581,no,99.0,1,no
32.0,services,married,secondary,162,yes,297.0,2,no
35.0,blue-collar,married,secondary,243,yes,41.0,3,no
24.0,student,single,secondary,1847,no,390.0,1,no
58.0,blue-collar,married,primary,0,yes,535.0,2,no
49.0,management,married,primary,3371,no,269.0,2,yes
45.0,services,single,secondary,1757,yes,1010.0,3,no
55.0,management,married,tertiary,171,yes,73.0,6,no
42.0,entrepreneur,married,tertiary,157,yes,650.0,1,no
28.0,admin.,married,secondary,934,yes,53.0,2,no
48.0,blue-collar,married,secondary,-19,no,270.0,1,no
51.0,management,single,tertiary,-55,yes,119.0,6,no
38.0,housemaid,married,primary,21,no,634.0,2,no
27.0,blue-collar,single,secondary,14,no,72.0,2,no
50.0,technician,single,secondary,246,yes,270.0,1,no
44.0,blue-collar,married,primary,887,yes,165.0,2,no
40.0,management,married,tertiary,51,no,164.0,2,no
29.0,services,single,secondary,-287,yes,196.0,1,no
34.0,services,married,secondary,0,yes,78.0,4,no
44.0,self-employed,single,tertiary,2734,yes,897.0,4,yes
50.0,entrepreneur,married,tertiary,52,no,22.0,8,no
34.0,management,married,tertiary,2594,yes,161.0,3,no
54.0,retired,divorced,primary,22,no,23.0,4,no
34.0,technician,married,tertiary,1611,yes,490.0,2,no
34.0,admin.,single,tertiary,18,yes,359.0,1,yes
52.0,blue-collar,married,primary,1331,yes,213.0,2,no
60.0,unknown,married,unknown,7337,no,122.0,1,no
39.0,management,single,secondary,835,yes,587.0,4,no
58.0,retired,married,primary,5092,no,199.0,6,no
41.0,technician,divorced,secondary,52,no,261.0,2,no
48.0,technician,married,secondary,10655,no,5.0,3,no
58.0,management,married,tertiary,1831,no,1531.0,1,no
40.0,self-employed,married,primary,92,yes,92.0,1,no
48.0,management,married,tertiary,586,yes,179.0,2,no
52.0,blue-collar,divorced,primary,1758,yes,41.0,1,no
50.0,self-employed,married,secondary,2061,yes,197.0,2,no
25.0,technician,single,secondary,959,no,144.0,5,no
54.0,retired,married,primary,208,no,255.0,1,no
34.0,services,married,secondary,-315,yes,56.0,2,no
48.0,management,married,tertiary,-13,yes,20.0,6,no
37.0,admin.,married,tertiary,801,no,331.0,7,no
66.0,retired,married,tertiary,1948,no,216.0,1,yes
32.0,management,single,tertiary,751,yes,64.0,1,no
45.0,blue-collar,married,secondary,784,yes,34.0,1,no
43.0,blue-collar,single,secondary,24,no,68.0,1,no
41.0,management,married,tertiary,72,yes,764.0,3,no
40.0,technician,divorced,tertiary,1871,yes,64.0,1,no
44.0,services,single,secondary,1378,yes,257.0,2,no
43.0,blue-collar,married,primary,188,yes,58.0,3,no
30.0,unknown,single,tertiary,6836,no,30.0,3,no
32.0,services,married,secondary,61,yes,529.0,5,no
57.0,admin.,married,secondary,-967,yes,8.0,7,no
31.0,blue-collar,single,tertiary,462,yes,147.0,1,no
49.0,unknown,married,secondary,0,no,173.0,2,no
31.0,admin.,single,secondary,5527,yes,132.0,1,no
41.0,admin.,married,tertiary,1287,no,286.0,1,no
44.0,management,married,tertiary,17361,no,476.0,1,no
54.0,entrepreneur,married,unknown,1956,no,221.0,5,no
37.0,blue-collar,divorced,secondary,0,yes,146.0,4,yes
34.0,management,married,secondary,-294,yes,532.0,2,no
43.0,technician,married,secondary,275,no,69.0,6,no
44.0,management,married,tertiary,724,yes,157.0,2,no
44.0,services,married,secondary,27,no,485.0,1,no
53.0,admin.,divorced,secondary,26,yes,56.0,1,no
36.0,technician,married,secondary,191,no,69.0,1,no
58.0,technician,divorced,secondary,-123,no,131.0,2,no
26.0,student,single,secondary,-147,no,95.0,2,no
34.0,technician,single,secondary,179,no,294.0,3,no
55.0,blue-collar,married,primary,1086,yes,146.0,1,no
55.0,blue-collar,married,secondary,471,yes,58.0,2,no
34.0,entrepreneur,married,tertiary,105,yes,249.0,2,no
41.0,entrepreneur,divorced,secondary,1588,yes,10.0,8,no
38.0,housemaid,divorced,secondary,70,no,255.0,3,yes
28.0,blue-collar,single,secondary,2700,no,337.0,4,no
41.0,technician,married,secondary,1602,yes,142.0,1,no
30.0,admin.,married,tertiary,0,yes,209.0,2,no
39.0,technician,married,unknown,839,no,825.0,2,no
41.0,admin.,married,secondary,21515,yes,87.0,1,no
36.0,technician,married,secondary,5902,yes,219.0,4,no
37.0,management,married,tertiary,547,yes,143.0,1,no
59.0,self-employed,married,tertiary,3800,no,70.0,1,no
26.0,technician,single,secondary,261,yes,371.0,2,no
43.0,technician,married,secondary,0,yes,539.0,8,no
42.0,management,married,secondary,-34,no,176.0,1,no
46.0,blue-collar,married,unknown,9328,yes,725.0,3,yes
31.0,admin.,married,secondary,5,yes,101.0,7,no
43.0,unemployed,married,secondary,3529,no,169.0,2,no
48.0,blue-collar,single,tertiary,2330,yes,15.0,1,no
41.0,blue-collar,married,secondary,1334,yes,234.0,5,no
32.0,self-employed,married,tertiary,3601,no,171.0,15,no
45.0,technician,married,tertiary,265,no,14.0,3,no
52.0,admin.,single,unknown,2227,no,242.0,2,yes
37.0,self-employed,married,secondary,487,no,155.0,15,no
38.0,blue-collar,divorced,secondary,0,yes,580.0,1,no
36.0,services,single,secondary,174,yes,223.0,2,no
58.0,retired,married,secondary,14412,no,297.0,1,no
37.0,management,married,tertiary,3288,no,124.0,2,no
30.0,technician,single,secondary,57,no,465.0,2,no
47.0,technician,married,secondary,2246,yes,330.0,1,no
40.0,technician,married,secondary,4441,yes,153.0,2,no
42.0,management,divorced,tertiary,0,no,131.0,2,no
71.0,unknown,married,tertiary,353,no,208.0,1,no
54.0,blue-collar,married,secondary,448,yes,98.0,1,no
53.0,entrepreneur,married,primary,27,yes,230.0,3,yes
33.0,blue-collar,divorced,secondary,474,no,400.0,2,no
30.0,technician,single,tertiary,1185,yes,284.0,1,no
39.0,services,divorced,secondary,282,yes,243.0,1,no
32.0,blue-collar,married,secondary,2,yes,16.0,9,no
34.0,technician,single,secondary,60,no,274.0,2,no
39.0,self-employed,single,tertiary,3972,no,122.0,3,no
75.0,retired,married,secondary,26452,no,219.0,2,no
33.0,admin.,divorced,secondary,818,yes,301.0,3,no
40.0,services,married,secondary,9374,yes,7.0,8,no
37.0,technician,married,unknown,47,no,374.0,3,no
69.0,retired,married,primary,279,no,26.0,1,no
52.0,unemployed,married,primary,20,yes,172.0,1,no
31.0,admin.,divorced,secondary,360,no,332.0,1,no
28.0,technician,single,secondary,1532,no,253.0,1,no
29.0,management,single,tertiary,1673,no,200.0,2,no
46.0,services,married,secondary,2420,no,405.0,2,no
28.0,blue-collar,married,secondary,100,yes,132.0,2,no
41.0,admin.,married,secondary,0,no,89.0,1,no
42.0,technician,divorced,secondary,1533,no,86.0,1,no
34.0,admin.,single,secondary,296,no,147.0,4,no
28.0,blue-collar,married,secondary,2788,yes,369.0,2,yes
43.0,management,single,secondary,109,yes,64.0,3,no
32.0,technician,married,secondary,485,no,98.0,14,no
33.0,technician,single,tertiary,125,no,66.0,2,no
70.0,retired,married,secondary,616,no,149.0,2,no
36.0,services,married,secondary,3064,yes,240.0,3,no
53.0,technician,married,secondary,206,no,87.0,6,no
30.0,blue-collar,single,secondary,6900,no,816.0,1,no
45.0,services,divorced,secondary,-179,no,155.0,2,no
31.0,services,single,secondary,481,yes,106.0,2,no
28.0,admin.,married,secondary,12,yes,73.0,3,no
45.0,blue-collar,married,primary,0,no,574.0,5,no
51.0,management,married,tertiary,176,yes,8.0,1,no
53.0,management,married,primary,4086,no,14.0,3,no
40.0,technician,married,secondary,257,yes,731.0,4,no
53.0,blue-collar,married,primary,53,yes,208.0,1,no
31.0,blue-collar,divorced,secondary,6,yes,821.0,1,no
30.0,management,married,tertiary,562,no,137.0,4,no
53.0,entrepreneur,married,secondary,-118,yes,101.0,3,no
40.0,blue-collar,married,primary,2805,yes,173.0,6,no
26.0,management,single,secondary,565,yes,582.0,11,no
47.0,blue-collar,married,secondary,0,yes,676.0,1,no
51.0,management,married,tertiary,1612,no,384.0,1,no
45.0,unemployed,married,primary,180,yes,62.0,2,no
35.0,management,married,tertiary,0,yes,295.0,3,no
36.0,management,single,tertiary,876,yes,241.0,2,no
57.0,admin.,married,secondary,2137,no,132.0,7,no
42.0,blue-collar,married,primary,260,yes,175.0,2,no
32.0,blue-collar,married,secondary,-53,yes,648.0,1,yes
30.0,management,married,tertiary,944,no,251.0,2,yes
36.0,technician,married,secondary,2394,no,184.0,2,no
43.0,technician,married,secondary,297,yes,119.0,3,no
69.0,retired,single,tertiary,2144,no,417.0,1,yes
31.0,technician,single,tertiary,969,no,95.0,1,no
35.0,technician,married,secondary,0,no,125.0,2,no
26.0,entrepreneur,married,tertiary,37,yes,207.0,1,no
46.0,technician,married,secondary,410,no,162.0,5,no
30.0,technician,married,secondary,1211,yes,176.0,1,no
33.0,management,single,tertiary,71,no,107.0,6,no
48.0,blue-collar,married,primary,559,yes,1231.0,2,no
31.0,management,married,tertiary,1170,no,200.0,4,no
46.0,management,divorced,tertiary,25,no,103.0,2,no
40.0,services,married,secondary,1325,no,150.0,2,no
39.0,entrepreneur,married,secondary,0,no,108.0,7,no
33.0,technician,single,secondary,647,yes,124.0,1,no
50.0,blue-collar,married,primary,2142,yes,309.0,2,no
84.0,retired,divorced,primary,639,no,353.0,3,yes
40.0,blue-collar,married,primary,177,yes,742.0,4,no
55.0,management,married,tertiary,236,no,200.0,1,no
40.0,services,divorced,secondary,1959,yes,177.0,1,no
46.0,admin.,married,primary,96,no,151.0,2,no
43.0,self-employed,single,tertiary,0,no,147.0,1,no
34.0,blue-collar,married,secondary,250,yes,193.0,6,no
35.0,technician,single,secondary,126,no,112.0,2,no
57.0,retired,married,unknown,1621,yes,108.0,1,no
25.0,student,single,secondary,8,no,107.0,2,yes
32.0,self-employed,married,tertiary,189,yes,106.0,2,no
52.0,retired,single,secondary,316,no,463.0,3,no
31.0,self-employed,single,tertiary,-282,yes,131.0,3,no
34.0,management,married,tertiary,-308,yes,140.0,2,no
42.0,technician,divorced,secondary,248,no,163.0,4,no
47.0,blue-collar,divorced,primary,126,yes,2456.0,2,yes
50.0,self-employed,divorced,tertiary,13,yes,76.0,1,yes
30.0,technician,married,secondary,-393,yes,435.0,1,yes
33.0,services,single,secondary,358,yes,302.0,1,no
56.0,technician,single,tertiary,917,no,306.0,1,no
34.0,admin.,divorced,secondary,1268,yes,259.0,3,no
33.0,technician,married,secondary,-163,yes,502.0,2,no
32.0,management,single,tertiary,473,yes,72.0,2,no
34.0,management,married,tertiary,4831,yes,265.0,1,no
37.0,technician,married,secondary,1063,yes,413.0,2,no
30.0,management,married,secondary,0,yes,756.0,3,no
29.0,blue-collar,married,secondary,424,yes,241.0,2,no
56.0,unemployed,divorced,primary,802,no,258.0,2,no
31.0,management,married,tertiary,430,yes,137.0,16,no
59.0,unknown,married,unknown,3940,no,48.0,2,no
36.0,housemaid,married,secondary,2880,no,283.0,1,no
51.0,blue-collar,divorced,secondary,1069,yes,247.0,2,no
54.0,self-employed,divorced,primary,4382,yes,193.0,4,no
37.0,management,married,tertiary,0,no,129.0,4,no
32.0,technician,married,tertiary,3939,no,209.0,2,no
42.0,self-employed,married,tertiary,753,no,31.0,1,no
29.0,blue-collar,married,secondary,358,no,88.0,5,no
52.0,blue-collar,married,primary,1141,yes,22.0,5,no
40.0,technician,married,secondary,1259,no,234.0,5,no
30.0,services,married,secondary,227,no,23.0,1,no
55.0,entrepreneur,divorced,secondary,538,yes,353.0,2,yes
49.0,management,married,tertiary,92,yes,221.0,2,no
33.0,technician,married,tertiary,8023,no,196.0,1,no
32.0,services,single,secondary,2478,no,395.0,1,no
21.0,student,single,secondary,6844,no,126.0,3,no
42.0,technician,married,secondary,440,yes,13.0,5,no
56.0,self-employed,married,secondary,800,no,170.0,1,no
39.0,unknown,single,secondary,914,no,20.0,1,no
30.0,entrepreneur,single,secondary,638,no,358.0,6,no
55.0,retired,married,secondary,159,no,159.0,1,no
43.0,blue-collar,married,primary,483,yes,225.0,3,no
53.0,unemployed,married,secondary,94,no,493.0,1,yes
57.0,retired,married,secondary,1044,no,585.0,1,yes
39.0,self-employed,single,unknown,0,no,13.0,11,no
56.0,technician,divorced,tertiary,401,yes,26.0,1,no
29.0,services,single,unknown,33,no,161.0,1,no
38.0,blue-collar,married,primary,506,yes,122.0,1,no
59.0,management,married,tertiary,1881,no,456.0,2,no
42.0,technician,single,unknown,344,yes,26.0,7,no
46.0,blue-collar,married,primary,0,yes,51.0,9,no
31.0,admin.,married,secondary,3,yes,37.0,12,no
35.0,services,divorced,secondary,221,yes,150.0,1,no
50.0,self-employed,married,secondary,36,no,104.0,10,no
42.0,blue-collar,married,primary,969,yes,721.0,1,no
36.0,services,single,secondary,760,no,9.0,13,no
25.0,admin.,single,tertiary,220,no,68.0,1,no
42.0,management,single,tertiary,10907,no,74.0,3,no
27.0,student,single,tertiary,-148,yes,146.0,3,no
32.0,blue-collar,married,primary,415,yes,777.0,4,yes
57.0,management,married,tertiary,1341,yes,339.0,2,no
48.0,blue-collar,married,secondary,865,yes,78.0,2,no
34.0,blue-collar,divorced,secondary,-566,yes,248.0,2,no
33.0,services,married,secondary,210,yes,201.0,1,no
26.0,technician,single,secondary,1275,yes,18.0,9,no
50.0,blue-collar,married,secondary,579,no,83.0,4,no
60.0,technician,single,tertiary,2934,no,233.0,2,no
47.0,management,married,tertiary,6637,yes,174.0,2,no
31.0,management,married,tertiary,271,no,89.0,1,no
52.0,technician,married,tertiary,0,no,145.0,3,no
36.0,services,married,secondary,472,yes,1017.0,1,no
43.0,blue-collar,married,primary,487,yes,548.0,2,no
30.0,technician,single,tertiary,699,yes,213.0,4,no
32.0,blue-collar,married,secondary,150,no,210.0,1,no
31.0,management,single,tertiary,1130,yes,224.0,3,no
29.0,management,single,secondary,584,yes,541.0,19,no
48.0,services,divorced,secondary,3186,no,104.0,1,no
32.0,services,single,secondary,133,no,171.0,1,yes
30.0,housemaid,single,tertiary,868,no,387.0,2,no
48.0,blue-collar,married,secondary,480,yes,830.0,1,yes
51.0,blue-collar,married,unknown,1883,yes,57.0,1,no
34.0,management,married,tertiary,606,no,97.0,1,yes
35.0,blue-collar,married,secondary,603,yes,474.0,2,no
49.0,management,single,primary,548,no,115.0,6,no
36.0,unemployed,married,secondary,-872,yes,153.0,1,no
37.0,blue-collar,divorced,secondary,33,yes,106.0,2,no
37.0,management,married,tertiary,1689,yes,645.0,2,no
49.0,blue-collar,married,primary,902,no,210.0,2,no
44.0,services,divorced,secondary,0,yes,97.0,1,no
40.0,student,married,secondary,260,no,52.0,1,no
57.0,technician,married,secondary,589,yes,223.0,1,no
39.0,technician,married,secondary,626,yes,126.0,2,no
38.0,services,married,secondary,0,no,1473.0,6,no
51.0,blue-collar,divorced,secondary,78,yes,723.0,2,no
27.0,blue-collar,single,secondary,3792,no,279.0,2,yes
38.0,blue-collar,single,tertiary,14058,no,293.0,20,no
30.0,technician,single,secondary,-522,yes,670.0,2,yes
36.0,student,single,unknown,386,no,359.0,2,no
37.0,unemployed,married,secondary,1978,no,404.0,1,yes
53.0,admin.,married,secondary,459,no,317.0,6,no
38.0,unemployed,married,tertiary,2812,yes,830.0,1,yes
48.0,management,married,tertiary,5057,no,37.0,1,no
26.0,housemaid,married,secondary,-759,yes,191.0,1,no
33.0,blue-collar,single,secondary,-416,yes,767.0,2,yes
47.0,technician,married,unknown,2106,yes,168.0,1,no
45.0,management,divorced,tertiary,220,yes,89.0,4,no
32.0,blue-collar,divorced,secondary,0,yes,746.0,2,no
69.0,retired,married,unknown,426,no,225.0,1,yes
65.0,unknown,married,unknown,4717,no,256.0,1,yes
37.0,blue-collar,married,secondary,395,yes,219.0,2,no
45.0,blue-collar,divorced,primary,0,yes,211.0,2,no
36.0,blue-collar,married,secondary,-206,yes,177.0,2,no
62.0,self-employed,divorced,tertiary,6,yes,216.0,1,yes
37.0,management,married,tertiary,4039,no,106.0,2,no
39.0,services,divorced,secondary,687,yes,869.0,1,yes
38.0,technician,single,secondary,-242,yes,1173.0,3,yes
31.0,management,married,tertiary,582,yes,58.0,2,no
58.0,blue-collar,divorced,primary,8218,yes,124.0,10,no
44.0,management,single,tertiary,1424,yes,201.0,2,no
31.0,blue-collar,married,secondary,92,yes,688.0,1,yes
33.0,technician,single,secondary,2085,no,501.0,2,yes
36.0,technician,single,tertiary,197,no,260.0,1,yes
31.0,technician,single,secondary,2305,no,139.0,1,no
45.0,admin.,married,secondary,-547,yes,214.0,2,no
30.0,technician,single,tertiary,411,no,142.0,1,no
34.0,blue-collar,married,secondary,584,yes,154.0,2,no
34.0,management,married,tertiary,997,yes,81.0,1,no
39.0,admin.,divorced,secondary,83,yes,69.0,6,no
32.0,services,single,secondary,0,yes,99.0,13,no
32.0,management,single,tertiary,0,no,9.0,6,no
36.0,blue-collar,married,primary,398,yes,278.0,1,no
35.0,admin.,married,tertiary,1145,yes,82.0,2,no
32.0,management,single,tertiary,2,yes,100.0,2,yes
33.0,management,single,tertiary,201,yes,171.0,1,no
49.0,entrepreneur,married,primary,563,no,84.0,1,no
35.0,management,married,tertiary,3161,no,433.0,2,no
31.0,technician,married,secondary,0,no,624.0,6,no
42.0,management,married,secondary,1331,no,698.0,2,no
34.0,housemaid,married,primary,2929,no,518.0,2,yes
32.0,services,married,secondary,-220,yes,123.0,2,no
29.0,management,single,tertiary,5980,yes,317.0,1,no
32.0,services,single,secondary,48,yes,8.0,3,no
50.0,housemaid,single,unknown,0,no,118.0,8,no
58.0,retired,married,secondary,3382,no,294.0,2,no
59.0,technician,married,secondary,2308,no,815.0,1,yes
25.0,student,married,tertiary,10,yes,857.0,4,yes
57.0,services,married,secondary,162,yes,174.0,1,no
30.0,blue-collar,single,secondary,1073,yes,1130.0,4,no
26.0,services,single,secondary,1700,yes,13.0,5,no
50.0,services,single,primary,148,yes,198.0,2,no
39.0,services,married,secondary,0,yes,503.0,1,no
45.0,blue-collar,married,primary,185,yes,249.0,3,no
37.0,management,divorced,tertiary,896,no,343.0,2,no
47.0,blue-collar,divorced,primary,1279,yes,479.0,2,no
50.0,technician,married,tertiary,199,yes,116.0,2,no
40.0,management,married,secondary,99,no,15.0,5,no
35.0,blue-collar,married,primary,378,yes,427.0,3,no
53.0,management,married,tertiary,15,no,921.0,2,yes
35.0,admin.,married,secondary,147,yes,41.0,1,no
54.0,technician,married,secondary,2225,no,73.0,2,no
35.0,admin.,single,secondary,1810,yes,65.0,2,no
31.0,housemaid,married,unknown,-6,no,94.0,2,no
46.0,technician,divorced,secondary,435,yes,192.0,3,no
52.0,management,married,secondary,335,no,411.0,1,yes
34.0,admin.,divorced,secondary,-251,no,641.0,1,yes
46.0,services,divorced,secondary,5,yes,305.0,2,no
54.0,self-employed,married,secondary,641,yes,472.0,1,no
37.0,admin.,married,tertiary,0,yes,115.0,1,no
39.0,admin.,married,tertiary,722,no,141.0,1,no
50.0,technician,married,tertiary,3337,yes,24.0,14,no
44.0,technician,divorced,secondary,0,no,264.0,5,no
56.0,admin.,married,secondary,1504,yes,66.0,2,no
40.0,services,married,tertiary,35,no,318.0,4,no
36.0,services,married,secondary,895,yes,622.0,1,no
33.0,management,married,tertiary,752,yes,104.0,4,no
33.0,blue-collar,single,secondary,1925,yes,76.0,2,no
42.0,services,married,secondary,-246,yes,149.0,1,no
30.0,self-employed,single,tertiary,901,yes,601.0,1,no
33.0,admin.,single,secondary,894,no,509.0,2,no
26.0,blue-collar,single,secondary,592,yes,174.0,1,no
26.0,admin.,single,secondary,3529,no,57.0,2,no
37.0,services,married,secondary,0,yes,187.0,2,no
59.0,retired,married,primary,0,no,493.0,2,yes
49.0,blue-collar,married,primary,371,yes,18.0,44,no
33.0,blue-collar,single,primary,1,yes,257.0,1,no
46.0,technician,single,secondary,834,yes,196.0,2,no
55.0,entrepreneur,married,primary,298,yes,144.0,3,no
49.0,services,married,tertiary,306,yes,285.0,7,no
51.0,technician,married,secondary,143,yes,627.0,1,no
27.0,admin.,married,secondary,186,yes,136.0,2,no
44.0,technician,married,secondary,5597,no,27.0,3,no
40.0,services,single,secondary,1547,yes,88.0,2,no
36.0,management,married,tertiary,1852,no,362.0,1,no
46.0,admin.,single,secondary,1790,yes,214.0,5,no
30.0,services,single,secondary,20,yes,404.0,6,no
35.0,admin.,married,secondary,8652,yes,103.0,6,no
31.0,technician,single,secondary,1626,no,356.0,2,no
37.0,admin.,married,secondary,749,no,219.0,1,no
49.0,blue-collar,married,unknown,51,yes,984.0,1,no
27.0,services,single,secondary,-1,no,60.0,2,no
32.0,blue-collar,married,secondary,-32,yes,145.0,1,no
70.0,retired,divorced,secondary,6850,no,252.0,3,no
22.0,technician,single,secondary,333,no,129.0,1,no
58.0,blue-collar,married,secondary,-27,no,77.0,13,no
33.0,blue-collar,married,secondary,932,yes,226.0,1,no
83.0,retired,divorced,primary,0,no,664.0,1,no
50.0,management,divorced,tertiary,100,yes,157.0,1,no
53.0,blue-collar,married,secondary,-626,yes,205.0,1,no
37.0,management,single,tertiary,9,no,484.0,2,no
55.0,services,divorced,primary,653,no,800.0,1,no
49.0,admin.,married,secondary,3608,yes,231.0,1,yes
41.0,blue-collar,married,primary,293,yes,102.0,1,no
40.0,management,single,tertiary,36,yes,240.0,3,no
48.0,management,married,tertiary,263,yes,350.0,2,no
27.0,student,single,secondary,8366,no,458.0,2,no
30.0,management,single,tertiary,2186,yes,366.0,1,no
37.0,entrepreneur,single,secondary,20453,yes,115.0,1,no
37.0,services,single,secondary,105,no,260.0,4,no
40.0,blue-collar,married,secondary,440,yes,327.0,2,no
73.0,retired,married,unknown,519,no,434.0,1,yes
50.0,management,married,tertiary,19447,yes,166.0,1,no
53.0,blue-collar,married,primary,225,no,171.0,7,no
47.0,blue-collar,married,secondary,2548,yes,577.0,1,no
33.0,technician,divorced,secondary,0,no,224.0,8,no
50.0,blue-collar,married,unknown,2284,yes,1088.0,17,yes
51.0,blue-collar,married,primary,40,yes,79.0,1,no
42.0,housemaid,divorced,tertiary,364,no,52.0,1,no
34.0,technician,single,secondary,174,no,259.0,4,no
44.0,technician,married,secondary,10888,yes,163.0,1,no
32.0,admin.,married,secondary,0,yes,159.0,2,no
60.0,retired,married,tertiary,225,no,54.0,2,no
60.0,retired,divorced,tertiary,2131,no,421.0,6,no
29.0,blue-collar,single,secondary,-20,no,574.0,1,yes
39.0,management,single,secondary,36,no,70.0,2,no
47.0,blue-collar,married,primary,2642,no,310.0,2,no
30.0,admin.,married,tertiary,400,yes,223.0,1,no
31.0,technician,single,tertiary,1214,no,39.0,1,no
34.0,management,single,tertiary,-292,yes,181.0,6,no
51.0,admin.,married,secondary,1415,yes,151.0,3,no
38.0,blue-collar,married,secondary,213,yes,270.0,15,no
47.0,admin.,single,secondary,2540,no,110.0,5,no
46.0,housemaid,single,tertiary,3232,no,94.0,2,no
33.0,management,married,tertiary,296,no,90.0,2,no
30.0,management,married,tertiary,42,no,115.0,6,no
40.0,technician,married,secondary,697,no,220.0,2,no
38.0,blue-collar,single,secondary,13156,yes,291.0,4,no
63.0,retired,divorced,secondary,1490,no,506.0,1,yes
33.0,management,married,tertiary,150,no,151.0,2,no
59.0,retired,married,secondary,0,no,812.0,1,yes
29.0,management,single,tertiary,4210,yes,119.0,1,no
54.0,services,divorced,secondary,1012,yes,33.0,3,no
57.0,technician,married,secondary,16063,yes,352.0,3,no
57.0,blue-collar,married,primary,5431,yes,383.0,1,no
28.0,services,single,secondary,317,yes,21.0,3,no
30.0,technician,single,secondary,4787,yes,266.0,1,no
28.0,blue-collar,married,secondary,225,yes,866.0,2,no
45.0,services,divorced,primary,3854,yes,10.0,3,no
29.0,services,divorced,secondary,92,yes,240.0,1,no
42.0,blue-collar,married,primary,-10,yes,291.0,4,no
31.0,blue-collar,married,secondary,-617,yes,115.0,2,no
59.0,housemaid,divorced,primary,195,no,366.0,2,no
41.0,blue-collar,married,primary,1172,yes,153.0,1,no
57.0,housemaid,married,secondary,0,no,197.0,2,no
43.0,services,divorced,secondary,0,no,106.0,4,no
30.0,services,divorced,secondary,-94,yes,41.0,2,no
26.0,admin.,single,secondary,609,no,112.0,1,no
52.0,management,single,tertiary,4,no,30.0,9,no
32.0,entrepreneur,divorced,secondary,1121,yes,211.0,3,no
39.0,management,divorced,tertiary,355,yes,313.0,5,no
31.0,blue-collar,married,secondary,3653,yes,252.0,1,no
83.0,retired,divorced,primary,1097,no,181.0,1,yes
34.0,management,married,tertiary,436,no,118.0,4,no
40.0,blue-collar,married,secondary,4795,yes,57.0,1,no
39.0,self-employed,married,secondary,266,no,102.0,2,no
50.0,unemployed,married,secondary,3357,no,239.0,4,yes
30.0,technician,married,tertiary,101,yes,187.0,3,no
43.0,blue-collar,married,secondary,10910,yes,66.0,2,no
49.0,blue-collar,married,secondary,1568,no,206.0,6,no
41.0,retired,single,primary,0,no,239.0,1,no
35.0,blue-collar,married,secondary,305,yes,7.0,7,no
57.0,retired,married,tertiary,31,no,260.0,2,no
29.0,entrepreneur,married,secondary,452,yes,347.0,1,no
48.0,admin.,married,secondary,5,yes,697.0,2,no
38.0,entrepreneur,divorced,tertiary,7929,no,182.0,3,no
41.0,entrepreneur,married,primary,39,yes,549.0,2,yes
39.0,housemaid,married,primary,267,no,1151.0,5,no
31.0,management,married,tertiary,4945,no,445.0,1,no
51.0,technician,married,secondary,463,yes,213.0,5,no
35.0,unemployed,single,secondary,2116,yes,409.0,2,no
45.0,admin.,divorced,secondary,59,yes,873.0,8,yes
28.0,blue-collar,married,secondary,131,yes,147.0,5,no
57.0,retired,married,secondary,107,no,85.0,2,no
36.0,unemployed,married,secondary,-35,no,339.0,3,no
49.0,technician,married,primary,230,yes,96.0,1,no
34.0,management,single,tertiary,2679,yes,195.0,1,no
65.0,retired,married,primary,493,no,622.0,1,no
26.0,services,single,secondary,256,yes,101.0,2,no
52.0,blue-collar,married,primary,-133,no,96.0,2,no
32.0,blue-collar,single,secondary,811,yes,563.0,1,yes
33.0,unemployed,married,tertiary,302,yes,670.0,1,no
43.0,management,married,tertiary,3529,yes,190.0,3,no
26.0,technician,single,tertiary,75,yes,351.0,1,no
45.0,technician,married,secondary,999,yes,215.0,6,no
30.0,management,single,tertiary,7845,yes,59.0,1,no
37.0,services,divorced,primary,260,yes,446.0,2,no
45.0,management,single,tertiary,2048,yes,310.0,1,yes
34.0,management,married,tertiary,1557,yes,213.0,1,no
35.0,services,married,secondary,505,yes,371.0,2,no
41.0,admin.,married,tertiary,1536,no,54.0,2,no
42.0,self-employed,married,tertiary,0,no,118.0,6,no
48.0,blue-collar,married,unknown,439,yes,212.0,1,no
45.0,unknown,married,primary,44,no,81.0,1,no
47.0,management,married,tertiary,295,yes,157.0,1,no
37.0,blue-collar,married,primary,190,yes,194.0,1,no
32.0,management,married,secondary,3935,yes,129.0,2,no
40.0,management,married,tertiary,-17,yes,474.0,1,yes
35.0,technician,single,secondary,175,yes,219.0,1,no
31.0,technician,single,secondary,4888,yes,475.0,4,no
36.0,technician,single,tertiary,40,no,359.0,3,no
44.0,management,married,tertiary,4460,no,168.0,2,no
52.0,admin.,divorced,secondary,98,no,148.0,1,no
28.0,student,single,secondary,330,no,197.0,1,no
45.0,blue-collar,married,primary,13117,no,42.0,2,no
38.0,management,married,tertiary,12877,no,118.0,3,no
39.0,blue-collar,married,primary,1506,yes,299.0,2,no
28.0,management,single,tertiary,0,no,198.0,2,no
31.0,technician,single,secondary,775,no,361.0,1,no
46.0,blue-collar,married,primary,258,yes,217.0,1,no
22.0,student,single,secondary,246,yes,25.0,1,no
49.0,blue-collar,single,primary,2146,yes,1516.0,2,yes
44.0,unemployed,married,secondary,304,yes,129.0,2,no
31.0,self-employed,single,secondary,360,yes,592.0,4,no
53.0,blue-collar,married,primary,3316,yes,331.0,6,no
55.0,management,married,tertiary,6880,no,353.0,2,no
35.0,technician,married,secondary,2189,no,256.0,3,no
35.0,blue-collar,married,secondary,5304,yes,340.0,1,no
37.0,management,single,tertiary,102,yes,101.0,2,no
50.0,blue-collar,married,secondary,181,yes,599.0,2,no
37.0,management,married,primary,3953,yes,610.0,2,no
37.0,blue-collar,single,primary,6969,yes,412.0,1,no
29.0,management,single,tertiary,572,no,314.0,1,yes
31.0,admin.,single,secondary,223,yes,508.0,1,no
40.0,technician,married,secondary,-396,yes,127.0,1,no
47.0,services,divorced,secondary,164,no,212.0,1,no
55.0,self-employed,married,secondary,2678,no,151.0,12,no
33.0,technician,single,secondary,920,yes,58.0,1,no
53.0,services,divorced,secondary,4554,no,8.0,6,no
38.0,management,single,tertiary,623,no,297.0,4,yes
61.0,management,married,secondary,967,no,180.0,1,no
43.0,unemployed,divorced,secondary,1577,yes,87.0,1,no
42.0,housemaid,married,primary,1,yes,59.0,5,no
36.0,management,divorced,tertiary,0,no,81.0,4,no
31.0,technician,single,tertiary,1166,yes,207.0,1,no
59.0,management,married,unknown,3534,no,216.0,4,no
29.0,blue-collar,married,primary,200,yes,322.0,2,no
33.0,technician,married,secondary,4790,yes,137.0,1,no
44.0,blue-collar,married,primary,-237,yes,73.0,1,no
43.0,blue-collar,married,secondary,1335,yes,371.0,2,no
42.0,management,married,tertiary,603,yes,298.0,5,no
32.0,management,single,tertiary,577,no,101.0,2,no
43.0,management,married,tertiary,0,yes,110.0,1,no
39.0,admin.,single,secondary,163,yes,107.0,2,no
23.0,blue-collar,married,primary,1158,yes,743.0,1,no
43.0,services,married,secondary,642,no,644.0,2,no
46.0,admin.,married,secondary,466,yes,169.0,1,no
31.0,technician,married,secondary,119,yes,380.0,1,no
38.0,management,married,tertiary,3436,no,663.0,4,yes
53.0,blue-collar,married,primary,238,yes,238.0,2,no
37.0,blue-collar,married,primary,378,yes,514.0,1,no
49.0,entrepreneur,divorced,secondary,32,no,128.0,1,no
31.0,unemployed,single,secondary,315,no,130.0,1,no
45.0,management,married,tertiary,6945,no,131.0,5,no
58.0,admin.,married,secondary,3496,yes,111.0,4,no
35.0,blue-collar,single,secondary,0,yes,169.0,1,no
32.0,technician,single,secondary,309,yes,346.0,1,no
28.0,technician,single,tertiary,0,yes,205.0,6,no
26.0,technician,single,secondary,668,yes,576.0,3,yes
30.0,blue-collar,single,secondary,363,no,171.0,3,no
31.0,entrepreneur,single,tertiary,38,no,185.0,2,no
31.0,management,married,tertiary,1183,yes,676.0,6,no
45.0,blue-collar,divorced,primary,942,no,362.0,1,no
38.0,admin.,married,secondary,4196,yes,193.0,2,no
42.0,services,married,secondary,-91,yes,43.0,1,no
60.0,self-employed,married,primary,362,no,816.0,6,yes
42.0,blue-collar,single,secondary,1080,yes,951.0,3,yes
32.0,admin.,single,secondary,620,yes,1234.0,3,yes
33.0,services,married,secondary,288,yes,306.0,1,no
42.0,admin.,married,unknown,642,yes,509.0,2,no
51.0,technician,married,tertiary,2506,no,210.0,3,no
36.0,technician,divorced,secondary,566,yes,129.0,2,no
46.0,blue-collar,married,secondary,668,yes,1263.0,2,yes
40.0,blue-collar,married,secondary,1100,yes,660.0,2,no
49.0,blue-collar,married,secondary,322,no,356.0,2,no
38.0,blue-collar,married,secondary,1205,yes,45.0,4,no
32.0,services,single,secondary,473,yes,624.0,5,no
99.0,services,married,secondary,-333,yes,329.0,5,no
57.0,technician,married,secondary,295,no,151.0,11,no
28.0,blue-collar,married,secondary,1137,no,129.0,4,no
44.0,entrepreneur,single,tertiary,1136,yes,345.0,2,no
